Asset Path,Source Basename,Bytes
assets/images/0001-images-google-drive-images__14FRSC0281072-87fb23afcd.jpg,images-google-drive-images__14FRSC0281072.jpg,17090
assets/images/0002-images-Links__COR36212928-fc6880a53a.jpg,images-Links__COR36212928.JPG,71250
assets/images/0003-images-google-drive-images-Links__SC22003470AC-a9756fd3b3.jpg,images-google-drive-images-Links__SC22003470AC.JPG,31704
assets/images/0004-images-google-drive-images-Links__WEB_ALT_SC55006225_SC55009803_SC22004026V3-c87e9891ad.jpg,images-google-drive-images-Links__WEB_ALT_SC55006225_SC55009803_SC22004026V3.JPG,269894
assets/images/0005-images-google-drive-images-Links__SC22004432-9e3e0641a1.jpg,images-google-drive-images-Links__SC22004432.JPG,65346
assets/images/0006-images-google-drive-images-Links__SC22004732-26d9a370b0.jpg,images-google-drive-images-Links__SC22004732.JPG,57546
assets/images/0008-images-google-drive-images-Links__SC22005622-691cae4cb3.jpg,images-google-drive-images-Links__SC22005622.JPG,142355
assets/images/0009-images-google-drive-images-Links__SC22005624-aa80433d18.jpg,images-google-drive-images-Links__SC22005624.JPG,155133
assets/images/0010-images-google-drive-images-Links__WEB-ALT-SC22005858-SC22005864-SC22005862-SC22005854-41ed63360f.jpg,images-google-drive-images-Links__WEB-ALT-SC22005858-SC22005864-SC22005862-SC22005854.JPG,182833
assets/images/0011-images-google-drive-images-Links__SC22007005_B-4078ccf803.jpg,images-google-drive-images-Links__SC22007005_B.JPG,31530
assets/images/0012-images-google-drive-images-Links__WEB-ALT-SC22007318-SC55021128-SC22007325-18d747ca90.jpg,images-google-drive-images-Links__WEB-ALT-SC22007318-SC55021128-SC22007325.JPG,187973
assets/images/0015-images-google-drive-images-Links__SC22007640-3c01b5c999.jpg,images-google-drive-images-Links__SC22007640.JPG,53897
assets/images/0017-images-google-drive-images-Links__SC22007663-4f085f3447.jpg,images-google-drive-images-Links__SC22007663.JPG,69378
assets/images/0018-images-google-drive-images-Links__SC22007667-872df2110c.jpg,images-google-drive-images-Links__SC22007667.JPG,63000
assets/images/0020-images-google-drive-images-Links__SC22008333-cf877b1984.jpg,images-google-drive-images-Links__SC22008333.JPG,154348
assets/images/0022-images-Shy-Images__SC22008815-55e53d55c0.jpg,images-Shy-Images__SC22008815.JPG,116655
assets/images/0024-images-Shy-Images__SC22008914-38db2be671.jpg,images-Shy-Images__SC22008914.JPG,106685
assets/images/0025-images-google-drive-images-Links__SC22009076_C-09906d2603.jpg,images-google-drive-images-Links__SC22009076_C.JPG,63899
assets/images/0029-images-google-drive-images-Links__WEB_ALT_SC22009187_SC22009184-7d662c1792.jpg,images-google-drive-images-Links__WEB_ALT_SC22009187_SC22009184.JPG,159705
assets/images/0030-images-google-drive-images-Links__WEB_ALT_SC22009225-6d5a1b59e2.jpg,images-google-drive-images-Links__WEB_ALT_SC22009225.JPG,247633
assets/images/0031-images-Links__WEB_ALT_SC22009269-68cb6e169a.jpg,images-Links__WEB_ALT_SC22009269.JPG,188241
assets/images/0033-images-google-drive-images-Links__WEB_ALT_SC22009423D0.75-fe652c64e1.jpg,images-google-drive-images-Links__WEB_ALT_SC22009423D0.75.JPG,187332
assets/images/0034-images-Links__WEB_ALT_SC22009442_SC55025720RD-762853f818.jpg,images-Links__WEB_ALT_SC22009442_SC55025720RD.JPG,167691
assets/images/0035-images-Links__WEB_ALT_SC22009521RD_SC22009527RD-735f4c99b2.jpg,images-Links__WEB_ALT_SC22009521RD_SC22009527RD.JPG,201600
assets/images/0038-images-Links__SC22009711V2-3555ec04c1.jpg,images-Links__SC22009711V2.JPG,152767
assets/images/0040-images-Shy-Images__SC36213792-d853e1c8bb.jpg,images-Shy-Images__SC36213792.JPG,32055
assets/images/0041-images-Links__SC36213972-cf18257daf.jpg,images-Links__SC36213972.JPG,27386
assets/images/0042-images-google-drive-images-Links__SC55001138-5ad656b7c0.jpg,images-google-drive-images-Links__SC55001138.JPG,31202
assets/images/0043-images-google-drive-images-Links__SC55001383-1f659844b2.jpg,images-google-drive-images-Links__SC55001383.JPG,27762
assets/images/0044-images-google-drive-images-Links__SC55001526-0885e02abb.jpg,images-google-drive-images-Links__SC55001526.JPG,43061
assets/images/0047-images-google-drive-images-Links__SC55002756_B-1aeea5da04.jpg,images-google-drive-images-Links__SC55002756_B.JPG,70456
assets/images/0050-images-google-drive-images-Links__SC55004582B-73f18f824d.jpg,images-google-drive-images-Links__SC55004582B.JPG,69463
assets/images/0051-images-Shy-Images__SC55005506V2b_1000x1000-8e70a0b926.jpg,images-Shy-Images__SC55005506V2b_1000x1000.webp,98568
assets/images/0052-images-google-drive-images-Links__SC55005960V2-5940ac922f.jpg,images-google-drive-images-Links__SC55005960V2.JPG,50946
assets/images/0053-images-google-drive-images-Links__SC55006144V2-9783389797.jpg,images-google-drive-images-Links__SC55006144V2.JPG,83095
assets/images/0057-images-google-drive-images-Links__SC55006954-c34d497565.jpg,images-google-drive-images-Links__SC55006954.JPG,68080
assets/images/0060-images-Links__SC55007903-J-d444c9650d.jpg,images-Links__SC55007903-J.JPG,55967
assets/images/0061-images-google-drive-images-Links__SC55007903-K-9cbc2ed11b.jpg,images-google-drive-images-Links__SC55007903-K.JPG,68453
assets/images/0062-images-google-drive-images-Links__SC55007903-S_B-378d084689.jpg,images-google-drive-images-Links__SC55007903-S_B.JPG,62032
assets/images/0064-images-google-drive-images-Links__SC55007904-C_B-620997a763.jpg,images-google-drive-images-Links__SC55007904-C_B.JPG,67048
assets/images/0065-images-google-drive-images-Links__SC55007904-F_B-11eb750168.jpg,images-google-drive-images-Links__SC55007904-F_B.JPG,65269
assets/images/0066-images-google-drive-images-Links__SC55007904-H_B-2fd7155b13.jpg,images-google-drive-images-Links__SC55007904-H_B.JPG,69984
assets/images/0067-images-Links__SC55007904-L-12c497b15e.jpg,images-Links__SC55007904-L.JPG,65187
assets/images/0068-images-Links__SC55007904-P_B-8057a39c4e.jpg,images-Links__SC55007904-P_B.JPG,68457
assets/images/0069-images-google-drive-images-Links__SC55008915-ec54ab2e13.jpg,images-google-drive-images-Links__SC55008915.JPG,28802
assets/images/0073-images-google-drive-images-Links__WEB-ALT-SC55020301-SC55009284-SC55009290-c4a99a7931.jpg,images-google-drive-images-Links__WEB-ALT-SC55020301-SC55009284-SC55009290.JPG,227011
assets/images/0074-images-google-drive-images-Links__SC55009547-11267f5bf6.jpg,images-google-drive-images-Links__SC55009547.JPG,44720
assets/images/0078-images-google-drive-images-Links__SC55012102-b6d8ad7984.jpg,images-google-drive-images-Links__SC55012102.JPG,49275
assets/images/0079-images-google-drive-images-Links__SC55019306-f2b5ecd903.jpg,images-google-drive-images-Links__SC55019306.JPG,50299
assets/images/0080-images-google-drive-images-Links__SC55019421_B-b2e47930c6.jpg,images-google-drive-images-Links__SC55019421_B.JPG,99057
assets/images/0081-images-google-drive-images-Links__SC55019555-c1888e6c31.jpg,images-google-drive-images-Links__SC55019555.JPG,47916
assets/images/0085-images-Links__SC55020407-9e5795b0d5.jpg,images-Links__SC55020407.JPG,49647
assets/images/0086-images-google-drive-images-Links__SC55020452-63c821a13c.jpg,images-google-drive-images-Links__SC55020452.JPG,125271
assets/images/0087-images-Links__SC55020500-c7aa63f25b.jpg,images-Links__SC55020500.JPG,79080
assets/images/0088-images-google-drive-images-Links__SC55020549-da0f868c99.jpg,images-google-drive-images-Links__SC55020549.JPG,96510
assets/images/0089-images-google-drive-images-Links__SC55020871-ce683cf1d5.jpg,images-google-drive-images-Links__SC55020871.JPG,67638
assets/images/0090-images-Links__WEB-ALT-SC55021065-SC55020924-SC55020280-SC55020295-1d6eeb248c.jpg,images-Links__WEB-ALT-SC55021065-SC55020924-SC55020280-SC55020295.JPG,176297
assets/images/0091-images-Shy-Images__SC55021134-7958f8cb22.jpg,images-Shy-Images__SC55021134.JPG,89735
assets/images/0092-images-Links__SC55021328-3895df6953.jpg,images-Links__SC55021328.JPG,89085
assets/images/0093-images-google-drive-images-Links__WEB-ALT-SC55021406-SC55021403-SC55021409-51289d7035.jpg,images-google-drive-images-Links__WEB-ALT-SC55021406-SC55021403-SC55021409.JPG,358836
assets/images/0094-images-Links__SC55021448-9a205c8f1a.jpg,images-Links__SC55021448.JPG,80184
assets/images/0095-images-google-drive-images-Links__SC55021570-5c4a8f4139.jpg,images-google-drive-images-Links__SC55021570.JPG,57805
assets/images/0096-images-google-drive-images-Links__WEB_ALT_SC55022038_SC55021576-801bb910a6.jpg,images-google-drive-images-Links__WEB_ALT_SC55022038_SC55021576.JPG,347242
assets/images/0097-images-google-drive-images-Links__SC55021611-6b382c1e39.jpg,images-google-drive-images-Links__SC55021611.JPG,93388
assets/images/0098-images-google-drive-images-Links__WEB_ALT_SC55021769-40bb11f04f.jpg,images-google-drive-images-Links__WEB_ALT_SC55021769.JPG,234225
assets/images/0099-images-google-drive-images-Links__SC55022128-a26867eb00.jpg,images-google-drive-images-Links__SC55022128.JPG,125182
assets/images/0100-images-google-drive-images-Links__SC55022477-fde644d00e.jpg,images-google-drive-images-Links__SC55022477.JPG,149363
assets/images/0101-images-Links__SC55022665-db48a05461.jpg,images-Links__SC55022665.JPG,82155
assets/images/0102-images-google-drive-images-Links__WEBALT_SC55021878V2Z18-_SC55022776_SC22007995_SC5502-72077ed65a.jpg,images-google-drive-images-Links__WEBALT_SC55021878V2Z18-_SC55022776_SC22007995_SC55021382V2.JPEG,132069
assets/images/0103-images-google-drive-images-Links__WEB_ALT_SC55022842_SC55023013-6231d51d40.jpg,images-google-drive-images-Links__WEB_ALT_SC55022842_SC55023013.JPG,189685
assets/images/0104-images-google-drive-images-Links__WEB_ALT_SC55023323_SC55023191_SC55023239H0.65-dd642db47f.jpg,images-google-drive-images-Links__WEB_ALT_SC55023323_SC55023191_SC55023239H0.65.JPG,134958
assets/images/0105-images-google-drive-images-Links__SC55023323-29d39f7d33.jpg,images-google-drive-images-Links__SC55023323.JPG,88159
assets/images/0106-images-google-drive-images-Links__WEB_ALT_SC55023682-8266c81901.jpg,images-google-drive-images-Links__WEB_ALT_SC55023682.JPG,217292
assets/images/0107-images-google-drive-images-Links__WEB_ALT_SC55023848-47baebdb41.jpg,images-google-drive-images-Links__WEB_ALT_SC55023848.JPG,186504
assets/images/0108-images-Links__SC55023951-87803de78e.jpg,images-Links__SC55023951.JPG,83557
assets/images/0109-images-Links__SC55024110-b491409440.jpg,images-Links__SC55024110.JPG,87182
assets/images/0111-images-google-drive-images-Links__WEB_ALT_SC55024269_SC55024427_SC55024351_SC55024215-25b078b289.jpg,images-google-drive-images-Links__WEB_ALT_SC55024269_SC55024427_SC55024351_SC55024215.JPG,248079
assets/images/0112-images-Links__SC55024402-2893471572.jpg,images-Links__SC55024402.JPG,106778
assets/images/0113-images-google-drive-images-Links__SC55024413-170635b390.jpg,images-google-drive-images-Links__SC55024413.JPG,149498
assets/images/0115-images-Links__SC55024587-29ea86ab5f.jpg,images-Links__SC55024587.JPG,141604
assets/images/0116-images-google-drive-images-Links__SC55024826_B-7b060ca0ce.jpg,images-google-drive-images-Links__SC55024826_B.JPG,104070
assets/images/0118-images-Shy-Images__SC55025031-3bb6460764.jpg,images-Shy-Images__SC55025031.JPG,99261
assets/images/0119-images-Links__SC55025094-e2b88cb404.jpg,images-Links__SC55025094.JPG,65464
assets/images/0121-images-google-drive-images-Links__WEB_ALT_SC55025194-9c94fd65da.jpg,images-google-drive-images-Links__WEB_ALT_SC55025194.JPG,247067
assets/images/0123-images-Links__SC55025399-23b38c25aa.jpg,images-Links__SC55025399.JPG,68690
assets/images/0127-images-Links__SC55025621-fa0548e1c0.jpg,images-Links__SC55025621.JPG,80494
assets/images/0128-images-google-drive-images-Links__SC55025638-21047f311c.jpg,images-google-drive-images-Links__SC55025638.JPG,51473
assets/images/0130-images-google-drive-images-Links__WEB_ALT_SC55025696_SC55025732-fd6e9e3f2b.jpg,images-google-drive-images-Links__WEB_ALT_SC55025696_SC55025732.JPG,183486
assets/images/0132-images-google-drive-images-Links__WEB_ALT_SC55026144_SC55026147_SC55026150-6bcea1d881.jpg,images-google-drive-images-Links__WEB_ALT_SC55026144_SC55026147_SC55026150.JPG,109681
assets/images/0133-images-google-drive-images-Links__SC55026150-8da263c645.jpg,images-google-drive-images-Links__SC55026150.JPG,84128
assets/images/0135-images-Links__SC55026222-f039141a96.jpg,images-Links__SC55026222.JPG,105954
assets/images/0136-images-google-drive-images-Links__WEB_ALT_SC55026523_SC55026469-17418a7106.jpg,images-google-drive-images-Links__WEB_ALT_SC55026523_SC55026469.JPG,270607
assets/images/0150-images-Links__WEB_ALT_SC55027457_SC55027528RD-183aa9423c.jpg,images-Links__WEB_ALT_SC55027457_SC55027528RD.jpg,155174
assets/images/0162-images-google-drive-images-Links__SC22005647-35fd4fabd8.jpg,images-google-drive-images-Links__SC22005647.JPG,63517
assets/images/0215-images-Featured-Items-product__LR52666Y45JJ-5-c896ab3484.jpg,images-Featured-Items-product__LR52666Y45JJ-5.jpg,160612
assets/images/0216-images-Featured-Items-product__LR53010ELY8JJJ-4-68922b5639.jpg,images-Featured-Items-product__LR53010ELY8JJJ-4.jpg,107533
assets/images/0217-images-pics__R194591-dfe85fce28.jpg,images-pics__R194591.jpeg,30828
assets/images/0227-images-google-drive-images-Links__WEB_ALT_SC22009190RD_SC22009166RD-1d5fa5e50c.jpg,images-google-drive-images-Links__WEB_ALT_SC22009190RD_SC22009166RD.JPG,219620
assets/images/0230-images-google-drive-images-Links__SC22007005-1e614db6aa.jpg,images-google-drive-images-Links__SC22007005.JPG,38740
assets/images/0231-images-google-drive-images-Links__WEB_ALT_SC55005960V2-8a65a98e37.jpg,images-google-drive-images-Links__WEB_ALT_SC55005960V2.JPG,201688
assets/images/0233-images-google-drive-images-Links__SC55026147-641bc0bb6b.jpg,images-google-drive-images-Links__SC55026147.JPG,84234
assets/images/0235-images-google-drive-images-Links__WEB_ALT_SC22008872_SC22008914-bb207cfd07.jpg,images-google-drive-images-Links__WEB_ALT_SC22008872_SC22008914.JPG,182768
assets/images/0238-images-google-drive-images-Links__SC22009076_B-dcd8704bba.jpg,images-google-drive-images-Links__SC22009076_B.JPG,121279
assets/images/0239-images-google-drive-images-Links__SC22009076-6525e92a73.jpg,images-google-drive-images-Links__SC22009076.JPG,110434
assets/images/0241-images-google-drive-images-Links__WEB_ALT_SC55025496RD-49f49793af.jpg,images-google-drive-images-Links__WEB_ALT_SC55025496RD.JPG,215778
assets/images/0243-images-google-drive-images-Links__SC55001138C-bf50424ec7.jpg,images-google-drive-images-Links__SC55001138C.JPG,186036
assets/images/0246-images-google-drive-images-Links__SC55026469-ebfb14ee7e.jpg,images-google-drive-images-Links__SC55026469.JPG,70177
assets/images/0248-images-google-drive-images-Links__SC22009076_D-1dd57c36ef.jpg,images-google-drive-images-Links__SC22009076_D.JPG,66232
assets/images/0249-images-google-drive-images-Links__WEB_ALT_SC22008728D0.70_SC22008707D0.70-6a8ec5ae85.jpg,images-google-drive-images-Links__WEB_ALT_SC22008728D0.70_SC22008707D0.70.JPG,210686
assets/images/0250-images-google-drive-images-Links__SC55004582-76cfac8cd5.jpg,images-google-drive-images-Links__SC55004582.JPG,89080
assets/images/0251-images-google-drive-images-Links__WEBALT_SC22008336_SC22008333-3b27276d1a.jpg,images-google-drive-images-Links__WEBALT_SC22008336_SC22008333.JPG,188877
assets/images/0252-images-google-drive-images-Links__SC55001138B-58718608ca.jpg,images-google-drive-images-Links__SC55001138B.JPG,38054
assets/images/0256-images-google-drive-images-Links__WEB_ALT_SC55025638-e955b1d412.jpg,images-google-drive-images-Links__WEB_ALT_SC55025638.JPG,181849
assets/images/0257-images-google-drive-images-Links__WEB_ALT_SC55026499_SC55026478-4c65dd5bdd.jpg,images-google-drive-images-Links__WEB_ALT_SC55026499_SC55026478.JPG,212720
assets/images/0259-images-google-drive-images-Links__SC22004432D-e1ab54aadb.jpg,images-google-drive-images-Links__SC22004432D.JPG,96177
assets/images/0260-images-google-drive-images-Links__WEB_ALT_SC55021611_SC55021457-212b246ed4.jpg,images-google-drive-images-Links__WEB_ALT_SC55021611_SC55021457.JPG,390498
assets/images/0261-images-google-drive-images-Links__WEB_ALT_SC55025288RD-c7dccf6674.jpg,images-google-drive-images-Links__WEB_ALT_SC55025288RD.JPG,186641
assets/images/0262-images-google-drive-images-Links__SC22005862-f0226520d1.jpg,images-google-drive-images-Links__SC22005862.JPG,55763
assets/images/0263-images-google-drive-images-Links__WEB_ALT_SC55025717RD_SC55025738RD_SC55025761RD-ebed1ba805.jpg,images-google-drive-images-Links__WEB_ALT_SC55025717RD_SC55025738RD_SC55025761RD.JPG,178798
assets/images/0264-images-google-drive-images-Links__SC55022776-13782d381f.jpg,images-google-drive-images-Links__SC55022776.JPG,70174
assets/images/0266-images-google-drive-images-Links__SC55024826_C-64f3e2b747.jpg,images-google-drive-images-Links__SC55024826_C.JPG,46644
assets/images/0267-images-google-drive-images-Links__WEB_ALT_SC55004582-f4453cd977.jpg,images-google-drive-images-Links__WEB_ALT_SC55004582.JPG,131141
assets/images/0269-images-google-drive-images-Links__WEB_ALT_SC22009076-e35adc884e.jpg,images-google-drive-images-Links__WEB_ALT_SC22009076.JPG,200254
assets/images/0274-images-google-drive-images-Links__SC22004432C-fccc99fee3.jpg,images-google-drive-images-Links__SC22004432C.JPG,49273
assets/images/0275-images-google-drive-images-Links__SC22008280_B-a091454689.jpg,images-google-drive-images-Links__SC22008280_B.JPG,87554
assets/images/0281-images-google-drive-images-Links__SC22004432B-cf437f426a.jpg,images-google-drive-images-Links__SC22004432B.JPG,91538
assets/images/0284-images-google-drive-images-Links__SC55024826_D-b157f2c39f.jpg,images-google-drive-images-Links__SC55024826_D.JPG,72606
assets/images/0292-images-google-drive-images-Links__SC55019421_C-6c145386fc.jpg,images-google-drive-images-Links__SC55019421_C.JPG,72019
assets/images/0294-images-google-drive-images-Links__SC22009184_C-bcdbf3ff07.jpg,images-google-drive-images-Links__SC22009184_C.JPG,52898
assets/images/0295-images-google-drive-images-Links__SC55003012C-32f3fbcd15.jpg,images-google-drive-images-Links__SC55003012C.JPG,30382
assets/images/0296-images-google-drive-images-Links__SC55019421-021260e3a5.jpg,images-google-drive-images-Links__SC55019421.JPG,52769
assets/images/0297-images-google-drive-images-Links__WEB_ALT_SC55024829RD-d77f5c3ef5.jpg,images-google-drive-images-Links__WEB_ALT_SC55024829RD.JPG,180155
assets/images/0300-images-google-drive-images-Links__SC55007903-T_B-160f938466.jpg,images-google-drive-images-Links__SC55007903-T_B.JPG,56427
assets/images/0303-images-google-drive-images-Links__WEB_ALT_SC55004912_SC55006110_SC22003470AC_SC5500260-c84b3205fa.jpg,images-google-drive-images-Links__WEB_ALT_SC55004912_SC55006110_SC22003470AC_SC55002607.JPG,161738
assets/images/0304-images-google-drive-images-Links__SC22009184_B-897c0749f0.jpg,images-google-drive-images-Links__SC22009184_B.JPG,70513
assets/images/0310-images-google-drive-images-Links__WEB_ALT_SC55025564RD-96299ce136.jpg,images-google-drive-images-Links__WEB_ALT_SC55025564RD.JPG,203327
assets/images/0313-images-google-drive-images-Links__SC55021769-2d1b621fa3.jpg,images-google-drive-images-Links__SC55021769.JPG,97361
assets/images/0314-images-google-drive-images-Links__SC55007904-C-a8bb014f23.jpg,images-google-drive-images-Links__SC55007904-C.JPG,70717
assets/images/0320-images-google-drive-images-Links__SC55003012D-407d59718a.jpg,images-google-drive-images-Links__SC55003012D.JPG,48786
assets/images/0321-images-google-drive-images-Links__WEB_ALT_SC55021570-09f470e3e9.jpg,images-google-drive-images-Links__WEB_ALT_SC55021570.JPG,177904
assets/images/0323-images-google-drive-images-Links__WEB_ALT_SC22008527_SC22008533_SC55024805_SC55024826-66e63c4ed1.jpg,images-google-drive-images-Links__WEB_ALT_SC22008527_SC22008533_SC55024805_SC55024826.JPG,193106
assets/images/0325-images-google-drive-images-Links__SC55007903-K_B-051fe6a6b4.jpg,images-google-drive-images-Links__SC55007903-K_B.JPG,63837
assets/images/0326-images-google-drive-images-Links__WEB_ALT_SC55023239H0.65-b33983e5ce.jpg,images-google-drive-images-Links__WEB_ALT_SC55023239H0.65.JPG,231070
assets/images/0328-images-google-drive-images-Links__SC55021409-43b30711d7.jpg,images-google-drive-images-Links__SC55021409.JPG,58518
assets/images/0331-images-google-drive-images-Links__WEB_ALT_SC22009296RD-4aaa7e0bcc.jpg,images-google-drive-images-Links__WEB_ALT_SC22009296RD.JPG,220604
assets/images/0333-images-google-drive-images-Links__SC55007903-K_C-c58b685a2b.jpg,images-google-drive-images-Links__SC55007903-K_C.JPG,62276
assets/images/0335-images-Shy-Images__SC22009166RD-413e4e528d.jpg,images-Shy-Images__SC22009166RD.JPG,84549
assets/images/0336-images-Shy-Images__SC55010751-50a3369f71.jpg,images-Shy-Images__SC55010751.JPG,39839
assets/images/0337-images-Shy-Images__SC22008728D0.70-b844eaeacb.jpg,images-Shy-Images__SC22008728D0.70.JPG,102345
assets/images/0338-images-Shy-Images__SC22008280-100c768f66.jpg,images-Shy-Images__SC22008280.JPG,104465
assets/images/0339-images-Shy-Images__SC55026150_WEBP-8fa69297c4.jpg,images-Shy-Images__SC55026150_WEBP.webp,13206
assets/images/0340-images-Shy-Images__SC55021576-97b8776b7e.jpg,images-Shy-Images__SC55021576.JPG,72380
assets/images/0341-images-Shy-Images__SC55009013-e4df64887d.jpg,images-Shy-Images__SC55009013.JPG,71013
assets/images/0342-images-Shy-Images__SC22005397B-5ade18ed73.jpg,images-Shy-Images__SC22005397B.JPG,55527
assets/images/0343-images-Shy-Images__SC55025117-3d208f9906.jpg,images-Shy-Images__SC55025117.JPG,128406
assets/images/0344-images-Shy-Images__SC22005397C-97f85728f9.jpg,images-Shy-Images__SC22005397C.JPG,50176
assets/images/0345-images-Shy-Images__SC55025717RD-bfaf9d2e1b.jpg,images-Shy-Images__SC55025717RD.JPG,83112
assets/images/0346-images-Shy-Images__SC22008872-fddaed4b4a.jpg,images-Shy-Images__SC22008872.jpg,91752
assets/images/0347-images-Shy-Images__SC55026469-614571cf8e.jpg,images-Shy-Images__SC55026469.webp,9973
assets/images/0348-images-Shy-Images__SC55002756-6971ea48d3.jpg,images-Shy-Images__SC55002756.JPG,106277
assets/images/0349-images-Shy-Images__SC55007904-H-f96a4d4002.jpg,images-Shy-Images__SC55007904-H.JPG,75440
assets/images/0350-images-Shy-Images__SC55002336-50801955ee.jpg,images-Shy-Images__SC55002336.JPG,144792
assets/images/0351-images-Shy-Images__SC55025496RD-6c4d36a4c5.jpg,images-Shy-Images__SC55025496RD.JPG,93069
assets/images/0352-images-Shy-Images__sc55026478-9a7239d5b8.jpg,images-Shy-Images__sc55026478.webp,9943
assets/images/0353-images-Shy-Images__SC22009423D0.75-9f637289d7.jpg,images-Shy-Images__SC22009423D0.75.JPG,128283
assets/images/0354-images-Shy-Images__SC55020191-9fcde78296.jpg,images-Shy-Images__SC55020191.JPG,79584
assets/images/0355-images-Shy-Images__SC55003012-ff52f05d28.jpg,images-Shy-Images__SC55003012.JPG,75755
assets/images/0356-images-Shy-Images__SC55007903-K-3642528062.jpg,images-Shy-Images__SC55007903-K.webp,8756
assets/images/0357-images-Shy-Images__SC55023682-6785f936d4.jpg,images-Shy-Images__SC55023682.JPG,80354
assets/images/0358-images-Shy-Images__SC22007326-bf845758bd.jpg,images-Shy-Images__SC22007326.JPG,47502
assets/images/0359-images-Shy-Images__SC55025288RD-21ab2815cc.jpg,images-Shy-Images__SC55025288RD.JPG,74614
assets/images/0360-images-Shy-Images__SC55007903-T-f91fa9a983.jpg,images-Shy-Images__SC55007903-T.JPG,57299
assets/images/0361-images-Shy-Images__SC55023239H0.65-3462bebaaf.jpg,images-Shy-Images__SC55023239H0.65.JPG,106700
assets/images/0362-images-Shy-Images__SC55009290-758f5af61a.jpg,images-Shy-Images__SC55009290.JPG,56734
assets/images/0363-images-Shy-Images__SC55023848-5a7d3e4185.jpg,images-Shy-Images__SC55023848.JPG,160812
assets/images/0364-images-Shy-Images__SC55005506V2_1000x1000-5d1aef6e87.jpg,images-Shy-Images__SC55005506V2_1000x1000.webp,106397
assets/images/0365-images-Shy-Images__SC22007645-ca27664e71.jpg,images-Shy-Images__SC22007645.JPG,121340
assets/images/0366-images-Shy-Images__SC55020549-f8f301f741.jpg,images-Shy-Images__SC55020549.jpg,96493
assets/images/0367-images-Shy-Images__SC22007320-32d56f0dad.jpg,images-Shy-Images__SC22007320.JPG,43756
assets/images/0368-images-Shy-Images__SC55025194-0549a0b71b.jpg,images-Shy-Images__SC55025194.JPG,83193
assets/images/0369-images-Shy-Images__SC55007903-S-aaed847384.jpg,images-Shy-Images__SC55007903-S.JPG,66222
assets/images/0370-images-Shy-Images__SC55024829RD-9996528196.jpg,images-Shy-Images__SC55024829RD.JPG,125563
assets/images/0371-images-Shy-Images__SC55003012B-1b7e3d87ed.jpg,images-Shy-Images__SC55003012B.JPG,71980
assets/images/0372-images-Shy-Images__SC22005397-9454ea80b9.jpg,images-Shy-Images__SC22005397.JPG,127848
assets/images/0373-images-Shy-Images__SC55006676-e76ac64f72.jpg,images-Shy-Images__SC55006676.JPG,40510
assets/images/0374-images-Shy-Images__SC55026147_WEBP-fb33b0ee1c.jpg,images-Shy-Images__SC55026147_WEBP.webp,13296
assets/images/0375-images-Shy-Images__SC55007904-F-928ec0db55.jpg,images-Shy-Images__SC55007904-F.JPG,70648
assets/images/0376-images-Shy-Images__SC55020871-1-b45476c03e.jpg,images-Shy-Images__SC55020871-1.jpg,67882
assets/images/0377-images-Shy-Images__SC55002759-b2442a9e39.jpg,images-Shy-Images__SC55002759.JPG,57462
assets/images/0378-images-Shy-Images__SC55025564RD-f95cebae28.jpg,images-Shy-Images__SC55025564RD.JPG,78105
assets/images/0379-images-Shy-Images__SC55024826-72fffb9abc.jpg,images-Shy-Images__SC55024826.JPG,111310
assets/images/0381-images-Shy-Images__SC55003012E-e25b456ddf.jpg,images-Shy-Images__SC55003012E.JPG,99523
assets/images/0382-images-Shy-Images__SC36213792B-616784db3d.jpg,images-Shy-Images__SC36213792B.JPG,26742
assets/images/0383-images-Shy-Images__SC55024215-f133801b42.jpg,images-Shy-Images__SC55024215.JPG,93657
assets/images/0384-images-Shy-Images__SC55022842-287bf8d602.jpg,images-Shy-Images__SC55022842.JPG,108355
assets/images/0385-images-Shy-Images__SC55025732-a6276c13d5.jpg,images-Shy-Images__SC55025732.JPG,86725
assets/images/0386-images-Shy-Images__SC22009296RD-7692f0cfea.jpg,images-Shy-Images__SC22009296RD.JPG,92312
assets/images/0387-images-Shy-Images__SC22009184-b8ee963dfa.jpg,images-Shy-Images__SC22009184.JPG,130732
assets/images/0388-images-Shy-Images__SC22009225-3c19ed78ed.jpg,images-Shy-Images__SC22009225.JPG,152623
assets/images/0389-images-Links__SC55027856RD-731c7f7f3b.jpg,images-Links__SC55027856RD.JPG,88901
assets/images/0390-images-Links__WEB_ALT_SC55027831_SC55027721-a4a4fcdc78.jpg,images-Links__WEB_ALT_SC55027831_SC55027721.jpg,240952
assets/images/0391-images-Links__SC55029041RD-d758d2e98a.jpg,images-Links__SC55029041RD.JPG,138714
assets/images/0392-images-Links__WEB_ALT_SC55027483-f80435951b.jpg,images-Links__WEB_ALT_SC55027483.jpg,217655
assets/images/0393-images-Links__SC55028596-b51d145ccd.jpg,images-Links__SC55028596.JPG,117879
assets/images/0394-images-Links__WEB_ALT_SC22009624RD_SC55026685RD-d3ba47955f.jpg,images-Links__WEB_ALT_SC22009624RD_SC55026685RD.JPG,122950
assets/images/0395-images-Links__SC55028225-8796d77cf8.jpg,images-Links__SC55028225.JPG,93761
assets/images/0396-images-Links__WEB_ALT_SC55027460RD_SC55027513-eb5970e376.jpg,images-Links__WEB_ALT_SC55027460RD_SC55027513.jpg,174061
assets/images/0397-images-Links__WEB_ALT_SC55029041RD_SC55029005RD_2-df7d73d83f.jpg,images-Links__WEB_ALT_SC55029041RD_SC55029005RD_2.JPG,168167
assets/images/0398-images-Links__SC55027513-c578c4b476.jpg,images-Links__SC55027513.JPG,60329
assets/images/0399-images-Links__SC55024422-679aa7d800.jpg,images-Links__SC55024422.JPG,98461
assets/images/0400-images-Links__SC55007904-L_B-bebe47530a.jpg,images-Links__SC55007904-L_B.JPG,63215
assets/images/0401-images-Links__WEB_ALT_SC55026222_SC55026213RD-9d7acfe532.jpg,images-Links__WEB_ALT_SC55026222_SC55026213RD.JPG,205739
assets/images/0402-images-Links__WEB_ALT_SC55025564V2RD_SC55027421_SC55027418RD-1b0e4af669.jpg,images-Links__WEB_ALT_SC55025564V2RD_SC55027421_SC55027418RD.JPG,280433
assets/images/0403-images-Links__WEB_ALT_SC22009169-ca27acb23f.jpg,images-Links__WEB_ALT_SC22009169.JPG,212013
assets/images/0404-images-Links__SC55007820-1f6fc61837.jpg,images-Links__SC55007820.JPG,36949
assets/images/0405-images-Links__SC22009650Z17-cda7313cfa.jpg,images-Links__SC22009650Z17.JPG,125267
assets/images/0406-images-Links__WEB_ALT_SC55028809_SC55028852_SC41002341-af5eb2a721.jpg,images-Links__WEB_ALT_SC55028809_SC55028852_SC41002341.JPG,222418
assets/images/0407-images-Links__SC55024587_B-4cd5f25f06.jpg,images-Links__SC55024587_B.JPG,74447
assets/images/0408-images-Links__SC55019701-ee3631c266.jpg,images-Links__SC55019701.JPG,67209
assets/images/0409-images-Links__WEB_ALT_SC55029143-3ea99ef29c.jpg,images-Links__WEB_ALT_SC55029143.JPG,200516
assets/images/0410-images-Links__WEB_ALT_SC55026637RD_SC55026643-501ed750b1.jpg,images-Links__WEB_ALT_SC55026637RD_SC55026643.JPG,202600
assets/images/0411-images-Links__SC55027296RD-559e7fb624.jpg,images-Links__SC55027296RD.JPG,105099
assets/images/0412-images-Links__SC55027201-53ee11957b.jpg,images-Links__SC55027201.JPG,77967
assets/images/0413-images-Links__SC55024587_C-9c2df784ce.jpg,images-Links__SC55024587_C.JPG,82345
assets/images/0414-images-Links__SC55029164-64573c3031.jpg,images-Links__SC55029164.JPG,82629
assets/images/0415-images-Links__SC55027203-63900d8440.jpg,images-Links__SC55027203.JPG,86886
assets/images/0416-images-Links__WEB_ALT_SC55012060-ca7eb765e7.jpg,images-Links__WEB_ALT_SC55012060.JPG,213068
assets/images/0417-images-Links__WEB_ALT_SC41002353_SC55029149_SC22010323-38bb81eb57.jpg,images-Links__WEB_ALT_SC41002353_SC55029149_SC22010323.JPG,210363
assets/images/0418-images-Links__WEB_ALT_SC55029041RD_SC55029005RD-77efc48810.jpg,images-Links__WEB_ALT_SC55029041RD_SC55029005RD.JPG,166163
assets/images/0419-images-Links__SC55020380-50d015ef9b.jpg,images-Links__SC55020380.JPG,31472
assets/images/0420-images-Links__SC55027831-b380955c3d.jpg,images-Links__SC55027831.JPG,97677
assets/images/0421-images-Links__SC55029149-c035a9f4b0.jpg,images-Links__SC55029149.JPG,109501
assets/images/0422-images-Links__SC55021065-e22166a4bf.jpg,images-Links__SC55021065.JPG,82595
assets/images/0423-images-Links__SC55026643-9b77ba168e.jpg,images-Links__SC55026643.JPG,144277
assets/images/0424-images-Links__SC55006424-5a3e87d0c6.jpg,images-Links__SC55006424.JPG,22085
assets/images/0425-images-Links__SC55025941-fe09e39480.jpg,images-Links__SC55025941.JPG,107360
assets/images/0426-images-Links__SC55025600V2-fe4475dc9e.jpg,images-Links__SC55025600V2.JPG,59426
assets/images/0427-images-Links__WEB_ALT_SC55025600V2-9726aea8ee.jpg,images-Links__WEB_ALT_SC55025600V2.JPG,203531
assets/images/0428-images-Links__SC22009094RD-4d3149922d.jpg,images-Links__SC22009094RD.JPG,104756
assets/images/0429-images-Links__WEB_ALT_SC22009094RD-5b92a2def5.jpg,images-Links__WEB_ALT_SC22009094RD.JPG,257822
assets/images/0430-images-Links__WEB_ALT_SC22009711V2-a64cc6f2b4.jpg,images-Links__WEB_ALT_SC22009711V2.JPG,153159
assets/images/0431-images-Links__SC55028852-a863d5676a.jpg,images-Links__SC55028852.JPG,41763
assets/images/0432-images-Links__SC55010098_B-88531390ba.jpg,images-Links__SC55010098_B.JPG,68213
assets/images/0433-images-Links__WEB_ALT_SC55027525_SC55027522-bc7ecdd72d.jpg,images-Links__WEB_ALT_SC55027525_SC55027522.jpg,174269
assets/images/0434-images-Links__SC55027195-b6e1786933.jpg,images-Links__SC55027195.JPG,89174
assets/images/0435-images-Links__SC55027197-82896c71d7.jpg,images-Links__SC55027197.JPG,96407
assets/images/0436-images-Links__WEB_ALT_SC55027856RD_SC55027920RD-05537693d0.jpg,images-Links__WEB_ALT_SC55027856RD_SC55027920RD.jpg,158948
assets/images/0437-images-Links__SC22009269-69d21c3f81.jpg,images-Links__SC22009269.JPG,89955
assets/images/0438-images-Links__WEB_ALT_SC55028679_SC55028596-d451d07b18.jpg,images-Links__WEB_ALT_SC55028679_SC55028596.JPG,104936
assets/images/0439-images-Links__WEB_ALT_SC55024068_SC55024128_SC55024188_SC55024068_SC55024445-2bd91f6b67.jpg,images-Links__WEB_ALT_SC55024068_SC55024128_SC55024188_SC55024068_SC55024445.JPG,331329
assets/images/0440-images-Links__WEB_ALT_SC55025399_SC55025402_SC55025324_SC55012458-4e7ca0145a.jpg,images-Links__WEB_ALT_SC55025399_SC55025402_SC55025324_SC55012458.JPG,197280
assets/images/0441-images-Links__WEB_ALT_SC55024587V2_SC55024587-02fce03a20.jpg,images-Links__WEB_ALT_SC55024587V2_SC55024587.JPG,316057
assets/images/0442-images-Links__WEB_ALT_SC55029164-2935a6fe02.jpg,images-Links__WEB_ALT_SC55029164.JPG,232678
assets/images/0443-images-Links__SC55009051-d4f0bc8d56.jpg,images-Links__SC55009051.JPG,44041
assets/images/0444-images-Links__WEB_ALT_SC55025932_SC55025935_SC55025938_SC55025941-d033f29b91.jpg,images-Links__WEB_ALT_SC55025932_SC55025935_SC55025938_SC55025941.JPG,185442
assets/images/0445-images-Links__SC55027421-559dba75a4.jpg,images-Links__SC55027421.JPG,95689
assets/images/0446-images-Links__SC55007903-J_B-577bd1185f.jpg,images-Links__SC55007903-J_B.JPG,57551
assets/images/0447-images-Links__SC55026177GO-245635e8f7.jpg,images-Links__SC55026177GO.JPG,84825
assets/images/0448-images-Links__SC22009442-9859846b55.jpg,images-Links__SC22009442.JPG,73850
assets/images/0449-images-Links__WEB_ALT_SC55007904-S_WEB_ALT_SC55007904-H_WEB_ALT_SC55007904-Y-203b7825ab.jpg,images-Links__WEB_ALT_SC55007904-S_WEB_ALT_SC55007904-H_WEB_ALT_SC55007904-Y.JPG,190459
assets/images/0450-images-Links__SC55002266-3e6be1aac8.jpg,images-Links__SC55002266.JPG,24490
assets/images/0451-images-Links__WEB_ALT_SC55026177GO-3625fc0bb1.jpg,images-Links__WEB_ALT_SC55026177GO.JPG,197213
assets/images/0452-images-Links__SC55012060-03e56167d4.jpg,images-Links__SC55012060.JPG,52401
assets/images/0453-images-Links__SC55029141-926206e1a6.jpg,images-Links__SC55029141.JPG,79996
assets/images/0454-images-Links__WEB_ALT_SC55027206RD_SC55027145RD-ee8e0c162a.jpg,images-Links__WEB_ALT_SC55027206RD_SC55027145RD.JPG,96555
assets/images/0455-images-Links__SC22009938-7c0e7e225f.jpg,images-Links__SC22009938.JPG,197241
assets/images/0456-images-Links__SC55029143-f3f230307a.jpg,images-Links__SC55029143.JPG,82173
assets/images/0457-images-Links__SC55010098-6f48bb75e1.jpg,images-Links__SC55010098.JPG,35987
assets/images/0458-images-Links__WEB_ALT_SC55027194_SC55027203-6849f68707.jpg,images-Links__WEB_ALT_SC55027194_SC55027203.JPG,120425
assets/images/0459-images-Links__SC55027206RD-6bd4439045.jpg,images-Links__SC55027206RD.JPG,92302
assets/images/0460-images-Links__SC55027421_C-ec032cc2a2.jpg,images-Links__SC55027421_C.JPG,65980
assets/images/0461-images-Links__SC55027421_B-f002563303.jpg,images-Links__SC55027421_B.JPG,72654
assets/images/0462-images-Links__WEB_ALT_SC22009650Z17-29f0578fc4.jpg,images-Links__WEB_ALT_SC22009650Z17.JPG,138264
assets/images/0463-images-Links__SC55024422B-556e2f4439.jpg,images-Links__SC55024422B.JPG,65532
assets/images/0464-images-Links__SC55024422C-bbef8b72bb.jpg,images-Links__SC55024422C.JPG,71624
assets/images/0465-images-Links__SC55007622-813d7341ef.jpg,images-Links__SC55007622.JPG,34667
assets/images/0466-images-Links__WEB_ALT_SC55024536_SC55024533_SC55023951-e173265900.jpg,images-Links__WEB_ALT_SC55024536_SC55024533_SC55023951.JPG,146119
assets/images/0467-images-Links__SC55006310-f7624ae00b.jpg,images-Links__SC55006310.JPG,70237
assets/images/0468-images-Links__SC22009521RD-53faa151a1.jpg,images-Links__SC22009521RD.JPG,83464
assets/images/0469-images-Links__WEB_ALT_SC55025527_SC55025621-7de6434925.jpg,images-Links__WEB_ALT_SC55025527_SC55025621.JPG,253705
assets/images/0470-images-Links__SC55027920RD-7bca1f4bf5.jpg,images-Links__SC55027920RD.JPG,96926
assets/images/0471-images-Links__SC55008922-aa1f869923.jpg,images-Links__SC55008922.JPG,85397
assets/images/0472-images-Links__SC22009169-17bc381db3.jpg,images-Links__SC22009169.JPG,102003
assets/images/0473-images-Links__WEB_ALT_SC55024110_SC55024107_SC55024104-9c0c3069ac.jpg,images-Links__WEB_ALT_SC55024110_SC55024107_SC55024104.JPG,262396
assets/images/0474-images-Links__SC55029041RD_D-3ac4c5a01a.jpg,images-Links__SC55029041RD_D.JPG,92031
assets/images/0475-images-Links__SC55007904-P-547a421110.jpg,images-Links__SC55007904-P.JPG,70521
assets/images/0476-images-Links__WEB_ALT_SC22009938_5-b7ea6b1d7a.jpg,images-Links__WEB_ALT_SC22009938_5.JPG,267655
assets/images/0477-images-Links__SC55009051_D-9b2248e4b5.jpg,images-Links__SC55009051_D.JPG,36214
assets/images/0478-images-Links__SC55024188-0eae293bd9.jpg,images-Links__SC55024188.JPG,165715
assets/images/0479-images-Links__SC55027522-82691add3e.jpg,images-Links__SC55027522.JPG,98323
assets/images/0480-images-Links__SC55027091-0c0c7fb6a0.jpg,images-Links__SC55027091.JPG,94723
assets/images/0481-images-Links__SC22009624RD-258aa1cf25.jpg,images-Links__SC22009624RD.JPG,155193
assets/images/0482-images-Links__SC55009051_C-e18cf7616e.jpg,images-Links__SC55009051_C.JPG,58312
assets/images/0483-images-Links__SC55029041RD_C-895c3cf5d2.jpg,images-Links__SC55029041RD_C.JPG,72034
assets/images/0484-images-Links__SC55029041RD_B-ab96df2d31.jpg,images-Links__SC55029041RD_B.JPG,115381
assets/images/0485-images-Links__SC55027528RD-fdd674a3ae.jpg,images-Links__SC55027528RD.JPG,90220
assets/images/0486-images-Links__WEB-ALT-SC55021448L-SC55021448R-6f099bc75f.jpg,images-Links__WEB-ALT-SC55021448L-SC55021448R.JPG,715301
assets/images/0487-images-Links__SC55009051_B-7c7615fc48.jpg,images-Links__SC55009051_B.JPG,58932
assets/images/0488-images-Featured-Items__SC55026478-466df0a57d.jpg,images-Featured-Items__SC55026478.JPG,67300
assets/images/0490-images-Featured-Items__SC22004026V3B-e782bd37a4.jpg,images-Featured-Items__SC22004026V3B.JPG,61450
assets/images/0492-images-Featured-Items__SC22004026V3-1cc6a9ab55.jpg,images-Featured-Items__SC22004026V3.JPG,48677
assets/images/0493-images-flower-ring-source__LR52691Y44JJ-4-8e7acea8b2.jpg,images-flower-ring-source__LR52691Y44JJ-4.jpg,201758
assets/images/0494-images-flower-ring-source__LR52691Y44JJ-1-3815bda2fb.jpg,images-flower-ring-source__LR52691Y44JJ-1.jpg,207562
assets/images/0495-images-flower-ring-source__LR52691Y44JJ-3-9af5f8b0e9.jpg,images-flower-ring-source__LR52691Y44JJ-3.jpg,254947
assets/images/0496-images-flower-ring-source__LR52691Y44JJ-2-a15c1d9cf1.jpg,images-flower-ring-source__LR52691Y44JJ-2.jpg,173552
assets/images/0497-images-google-drive-images-Links__WEB-ALT-SC22003982V3-76b9dde2ca.jpg,images-google-drive-images-Links__WEB-ALT-SC22003982V3.JPG,147415
assets/images/0498-images-google-drive-images-Links__WEB-ALT-SC22007331-SC55019554-SC22007322-ebb46577de.jpg,images-google-drive-images-Links__WEB-ALT-SC22007331-SC55019554-SC22007322.JPG,201151
assets/images/0500-images-Shy-Images__SC55010251V2-4fc9a26884.jpg,images-Shy-Images__SC55010251V2.JPG,76428
assets/images/0501-images-Shy-Images__SC55006496-2b088e226f.jpg,images-Shy-Images__SC55006496.JPG,103372
assets/images/0502-images-Shy-Images__SC55007904-J-95ab053f02.jpg,images-Shy-Images__SC55007904-J.JPG,62952
assets/images/0503-images-Shy-Images__SC55021283-8827bef027.jpg,images-Shy-Images__SC55021283.webp,9399
assets/images/0504-images-Shy-Images__SC55023676-2b5482c19b.jpg,images-Shy-Images__SC55023676.JPG,72954
assets/images/0505-images-Shy-Images__SC55025612-7138790ffa.jpg,images-Shy-Images__SC55025612.JPG,45055
assets/images/0506-images-Shy-Images__SC55006418-5b7568af2c.jpg,images-Shy-Images__SC55006418.JPG,35945
assets/images/0507-images-Shy-Images__SC22007666-19cd8dd4d2.jpg,images-Shy-Images__SC22007666.JPG,62908
assets/images/0508-images-Shy-Images__SC22009478RD-5c330784f7.jpg,images-Shy-Images__SC22009478RD.JPG,107328
assets/images/0509-images-Shy-Images__SC55024841-8c2ed23c45.jpg,images-Shy-Images__SC55024841.JPG,125047
assets/images/0510-images-Shy-Images__SC55020172-ea000be1c1.jpg,images-Shy-Images__SC55020172.JPG,78350
assets/images/0511-images-Shy-Images__SC55023839-f719daf1e5.jpg,images-Shy-Images__SC55023839.JPG,91660
assets/images/0512-images-Shy-Images__SC55023191-60784a36cf.jpg,images-Shy-Images__SC55023191.JPG,110322
assets/images/0513-images-Shy-Images__SC55025720RD-0cd49d2af1.jpg,images-Shy-Images__SC55025720RD.JPG,78678
assets/images/0514-images-pics__LR52691Y44JJ-4-769e3197ef.jpg,images-pics__LR52691Y44JJ-4.jpg,216289
assets/images/0515-images-pics__LR52691Y44JJ-1-c37c7bacaf.jpg,images-pics__LR52691Y44JJ-1.jpg,240083
assets/images/0516-images-pics__LR52691Y44JJ-3-cda2906b27.jpg,images-pics__LR52691Y44JJ-3.jpg,273084
assets/images/0517-images-pics__LR52691Y44JJ-2-fdef501f41.jpg,images-pics__LR52691Y44JJ-2.jpg,184878
assets/images/0518-images-pics__R194593-ef6b3fe9b2.jpg,images-pics__R194593.jpeg,38940
assets/images/0519-images-pics__R194592-dfa15171d2.jpg,images-pics__R194592.jpeg,38214
assets/images/0520-images-pics__R194594-f1644b939f.jpg,images-pics__R194594.jpeg,35151
assets/images/0521-images-Links__SC55020425-24de5c1ce0.jpg,images-Links__SC55020425.JPG,48267
assets/images/0522-images-Links__SC55024485-906b7af228.jpg,images-Links__SC55024485.JPG,91810
assets/images/0523-images-Links__COR22008253-f4b35ba1ba.jpg,images-Links__COR22008253.JPG,67136
assets/images/0524-images-Links__SC55025793-1ec71ba8de.jpg,images-Links__SC55025793.JPG,60646
assets/images/0525-images-Links__SC66001252-a350de0fe9.jpg,images-Links__SC66001252.JPG,101414
assets/images/0526-images-Links__SC55027244-225e200c25.jpg,images-Links__SC55027244.JPG,72475
assets/images/0527-images-Links__SC55004313-3411630cd5.jpg,images-Links__SC55004313.JPG,53904
assets/images/0528-images-combo-source__LR52150Y4JJJ-1-337affece6.jpg,images-combo-source__LR52150Y4JJJ-1.jpg,85342
assets/images/0529-images-combo-source__SC55025787-8009aaed73.jpg,images-combo-source__SC55025787.JPG,59258
assets/images/0530-images-combo-source__LR51052Y45JJ-1-f5a41548f3.jpg,images-combo-source__LR51052Y45JJ-1.jpg,84419
assets/images/0531-images-combo-source__NK7527-42Y4JPL-2-7bde8baafd.jpg,images-combo-source__NK7527-42Y4JPL-2.jpg,54583
assets/images/0532-images-combo-source__NK6903Y4JJJ-2-1ad0913e63.jpg,images-combo-source__NK6903Y4JJJ-2.jpg,38609
assets/images/0535-images-Featured-Items-product-2__EG15367W45JJ-1-505c403a72.jpg,images-Featured-Items-product-2__EG15367W45JJ-1.jpg,88358
assets/images/0536-images-Featured-Items-product-2__EG15367W45JJ-2-32bcfb6ddf.jpg,images-Featured-Items-product-2__EG15367W45JJ-2.jpg,268292
assets/images/0537-images-Featured-Items-product-2__EG15367W45JJ-3-727e68bde8.jpg,images-Featured-Items-product-2__EG15367W45JJ-3.jpg,216679
assets/images/0538-images-Featured-Items-product-2__EG15579M45JJ-3-6ccf787621.jpg,images-Featured-Items-product-2__EG15579M45JJ-3.jpg,201221
assets/images/0539-images-Featured-Items-product-2__EG15574M45JJ-1-fb16422aee.jpg,images-Featured-Items-product-2__EG15574M45JJ-1.jpg,66166
assets/images/0540-images-Featured-Items-product-2__EG15579M45JJ-2-933b391698.jpg,images-Featured-Items-product-2__EG15579M45JJ-2.jpg,50489
assets/images/0541-images-Featured-Items-product-2__EG15574M45JJ-3-76a43ec14b.jpg,images-Featured-Items-product-2__EG15574M45JJ-3.jpg,193225
assets/images/0542-images-Featured-Items-product-2__EG15574M45JJ-2-78c5f79074.jpg,images-Featured-Items-product-2__EG15574M45JJ-2.jpg,39025
assets/images/0543-images-Featured-Items-product-2__EG15579M45JJ-1-471458881d.jpg,images-Featured-Items-product-2__EG15579M45JJ-1.jpg,92513
assets/images/0544-images-Featured-Items-product-2__EG15216Y45JJ-4-05912abf36.jpg,images-Featured-Items-product-2__EG15216Y45JJ-4.jpg,122119
assets/images/0545-images-Featured-Items-product-2__EG15216Y45JJ-1-4ee4e72f4d.jpg,images-Featured-Items-product-2__EG15216Y45JJ-1.jpg,101067
assets/images/0546-images-Featured-Items-product-2__EG15216Y45JJ-2-f091cc7f4a.jpg,images-Featured-Items-product-2__EG15216Y45JJ-2.jpg,238968
assets/images/0547-images-Featured-Items-product-2__EG15216Y45JJ-3-fbbb8cc0a7.jpg,images-Featured-Items-product-2__EG15216Y45JJ-3.jpg,47767
assets/images/0548-images-Featured-Items-product-1__NK7618Y84JJ-3-b4bfe74cc6.jpg,images-Featured-Items-product-1__NK7618Y84JJ-3.jpg,197732
assets/images/0549-images-Featured-Items-product-1__NK7618Y84JJ-2-ba2fea6378.jpg,images-Featured-Items-product-1__NK7618Y84JJ-2.jpg,36772
assets/images/0550-images-Featured-Items-product-1__NK7618Y84JJ-1-ad403ddf77.jpg,images-Featured-Items-product-1__NK7618Y84JJ-1.jpg,48822
assets/images/0551-images-Featured-Items-product-1__NK7580W45JJ-3-d4e44a2cf1.jpg,images-Featured-Items-product-1__NK7580W45JJ-3.jpg,220257
assets/images/0552-images-Featured-Items-product-1__NK7661M45JJ-1-4021b99d8c.jpg,images-Featured-Items-product-1__NK7661M45JJ-1.jpg,35099
assets/images/0553-images-Featured-Items-product-1__NK7580W45JJ-2-1933cb2e52.jpg,images-Featured-Items-product-1__NK7580W45JJ-2.jpg,35759
assets/images/0554-images-Featured-Items-product-1__NK7661M45JJ-2-d28bfa27eb.jpg,images-Featured-Items-product-1__NK7661M45JJ-2.jpg,35970
assets/images/0555-images-Featured-Items-product-1__NK7661M45JJ-3-cafdfc56eb.jpg,images-Featured-Items-product-1__NK7661M45JJ-3.jpg,220830
assets/images/0556-images-Featured-Items-product-1__NK7580W45JJ-1-d874e1ceb4.jpg,images-Featured-Items-product-1__NK7580W45JJ-1.jpg,44165
assets/images/0557-images-Featured-Items-product-1__NK7661M45JJ-4-b9ec3c1e42.jpg,images-Featured-Items-product-1__NK7661M45JJ-4.jpg,127747
assets/images/0558-images-Featured-Items-product-1__NK7803M45JJ-4-6952fd48e3.jpg,images-Featured-Items-product-1__NK7803M45JJ-4.jpg,133216
assets/images/0559-images-Featured-Items-product-1__NK7527-42Y4JPL-1-987930957b.jpg,images-Featured-Items-product-1__NK7527-42Y4JPL-1.jpg,50477
assets/images/0560-images-Featured-Items-product-1__NK6903Y4JJJ-1-5eb92ba812.jpg,images-Featured-Items-product-1__NK6903Y4JJJ-1.jpg,57024
assets/images/0561-images-Featured-Items-product-1__NK6903Y4JJJ-3-5a8a8b13f7.jpg,images-Featured-Items-product-1__NK6903Y4JJJ-3.jpg,152568
assets/images/0562-images-Featured-Items-product-1__NK7527-42Y4JPL-3-1fc50dbc58.jpg,images-Featured-Items-product-1__NK7527-42Y4JPL-3.jpg,411429
assets/images/0565-images-Featured-Items-product-1__NK7803M45JJ-2-9f2553cb7d.jpg,images-Featured-Items-product-1__NK7803M45JJ-2.jpg,53463
assets/images/0566-images-Featured-Items-product-1__NK7803M45JJ-3-e0a228ed27.jpg,images-Featured-Items-product-1__NK7803M45JJ-3.jpg,164521
assets/images/0567-images-Featured-Items-product-1__NK7803M45JJ-1-9907ef4d67.jpg,images-Featured-Items-product-1__NK7803M45JJ-1.jpg,73228
assets/images/0568-images-Featured-Items-product-1__NK6903Y4JJJ-4-dc24fa4f5a.jpg,images-Featured-Items-product-1__NK6903Y4JJJ-4.jpg,293280
assets/images/0569-images-Featured-Items-product__LR52691Y44JJ-6-15c4c9f971.jpg,images-Featured-Items-product__LR52691Y44JJ-6.jpg,206137
assets/images/0570-images-Featured-Items-product__LR52666Y45JJ-4-ec6e07c890.jpg,images-Featured-Items-product__LR52666Y45JJ-4.jpg,66853
assets/images/0571-images-Featured-Items-product__LR52691Y44JJ-5-d813eec965.jpg,images-Featured-Items-product__LR52691Y44JJ-5.jpg,133825
assets/images/0572-images-Featured-Items-product__LR52150Y4JJJ-5-5e608d03e1.jpg,images-Featured-Items-product__LR52150Y4JJJ-5.jpg,237358
assets/images/0573-images-Featured-Items-product__LR52368Y45JJ-4-1e0e6319bc.jpg,images-Featured-Items-product__LR52368Y45JJ-4.jpg,127440
assets/images/0574-images-Featured-Items-product__LR52666Y45JJ-6-2ae6808646.jpg,images-Featured-Items-product__LR52666Y45JJ-6.jpg,216686
assets/images/0575-images-Featured-Items-product__LR52150Y4JJJ-4-ad08e36d49.jpg,images-Featured-Items-product__LR52150Y4JJJ-4.jpg,55541
assets/images/0577-images-Featured-Items-product__LR52666Y45JJ-3-4b305f8040.jpg,images-Featured-Items-product__LR52666Y45JJ-3.jpg,121489
assets/images/0578-images-Featured-Items-product__LR52368Y45JJ-1-484472c930.jpg,images-Featured-Items-product__LR52368Y45JJ-1.jpg,182754
assets/images/0579-images-Featured-Items-product__LR52666Y45JJ-2-5e734ae9ea.jpg,images-Featured-Items-product__LR52666Y45JJ-2.jpg,94611
assets/images/0583-images-Featured-Items-product__LR52150Y4JJJ-3-f158877f35.jpg,images-Featured-Items-product__LR52150Y4JJJ-3.jpg,99099
assets/images/0584-images-Featured-Items-product__LR52368Y45JJ-2-2927bd2682.jpg,images-Featured-Items-product__LR52368Y45JJ-2.jpg,117564
assets/images/0585-images-Featured-Items-product__LR52368Y45JJ-3-fec8279bc0.jpg,images-Featured-Items-product__LR52368Y45JJ-3.jpg,201883
assets/images/0586-images-Featured-Items-product__LR52666Y45JJ-1-8da753df6d.jpg,images-Featured-Items-product__LR52666Y45JJ-1.jpg,111449
assets/images/0587-images-Featured-Items-product__LR52150Y4JJJ-2-da1e4ab22d.jpg,images-Featured-Items-product__LR52150Y4JJJ-2.jpg,92649
assets/images/0589-images-Featured-Items-product__LR51935Y45JJ-1-786016ac45.jpg,images-Featured-Items-product__LR51935Y45JJ-1.jpg,88377
assets/images/0590-images-Featured-Items-product__LR52898M45JJ-4-ed41825be0.jpg,images-Featured-Items-product__LR52898M45JJ-4.jpg,120668
assets/images/0591-images-Featured-Items-product__LR51935Y45JJ-3-5f93637d78.jpg,images-Featured-Items-product__LR51935Y45JJ-3.jpg,114158
assets/images/0592-images-Featured-Items-product__LR52609M45JJ-4-f8669a198c.jpg,images-Featured-Items-product__LR52609M45JJ-4.jpg,65883
assets/images/0593-images-Featured-Items-product__LR52609M45JJ-5-f9a0c363b1.jpg,images-Featured-Items-product__LR52609M45JJ-5.jpg,203171
assets/images/0594-images-Featured-Items-product__LR51935Y45JJ-2-bb03d9c0f6.jpg,images-Featured-Items-product__LR51935Y45JJ-2.jpg,118303
assets/images/0595-images-Featured-Items-product__LR52898M45JJ-5-d6b83559dc.jpg,images-Featured-Items-product__LR52898M45JJ-5.jpg,276376
assets/images/0596-images-Featured-Items-product__LR52898M45JJ-1-faaf4f4f1e.jpg,images-Featured-Items-product__LR52898M45JJ-1.jpg,164177
assets/images/0597-images-Featured-Items-product__LR52609M45JJ-1-cc6b56d442.jpg,images-Featured-Items-product__LR52609M45JJ-1.jpg,121388
assets/images/0598-images-Featured-Items-product__LR52898M45JJ-2-e63d605fad.jpg,images-Featured-Items-product__LR52898M45JJ-2.jpg,107179
assets/images/0599-images-Featured-Items-product__LR51935Y45JJ-5-53217410ae.jpg,images-Featured-Items-product__LR51935Y45JJ-5.jpg,146892
assets/images/0600-images-Featured-Items-product__LR52609M45JJ-2-a9abef8b17.jpg,images-Featured-Items-product__LR52609M45JJ-2.jpg,97601
assets/images/0601-images-Featured-Items-product__LR52609M45JJ-3-ccc95998c2.jpg,images-Featured-Items-product__LR52609M45JJ-3.jpg,118763
assets/images/0602-images-Featured-Items-product__LR51935Y45JJ-4-34b70264f3.jpg,images-Featured-Items-product__LR51935Y45JJ-4.jpg,50737
assets/images/0603-images-Featured-Items-product__LR52898M45JJ-3-dcc1e5858f.jpg,images-Featured-Items-product__LR52898M45JJ-3.jpg,198236
assets/images/0604-images-Featured-Items-product__LR52543Y4JBT-4-e40bd5d50f.jpg,images-Featured-Items-product__LR52543Y4JBT-4.jpg,72756
assets/images/0605-images-Featured-Items-product__LR52547Y45JJ-2-8a67e3f563.jpg,images-Featured-Items-product__LR52547Y45JJ-2.jpg,80381
assets/images/0606-images-Featured-Items-product__LR52547Y45JJ-3-a21b66c802.jpg,images-Featured-Items-product__LR52547Y45JJ-3.jpg,75766
assets/images/0607-images-Featured-Items-product__LR52543Y4JBT-5-9c4bcc9100.jpg,images-Featured-Items-product__LR52543Y4JBT-5.jpg,153887
assets/images/0608-images-Featured-Items-product__LR52547Y45JJ-1-31ed3b1848.jpg,images-Featured-Items-product__LR52547Y45JJ-1.jpg,58636
assets/images/0609-images-Featured-Items-product__LR52543Y4JBT-6-c4bc67ad51.jpg,images-Featured-Items-product__LR52543Y4JBT-6.jpg,270510
assets/images/0610-images-Featured-Items-product__LR53010ELY8JJJ-1-542edf8984.jpg,images-Featured-Items-product__LR53010ELY8JJJ-1.jpg,128446
assets/images/0611-images-Featured-Items-product__LR52547Y45JJ-4-c4777d5a9e.jpg,images-Featured-Items-product__LR52547Y45JJ-4.jpg,31098
assets/images/0612-images-Featured-Items-product__LR52543Y4JBT-2-375cbc3662.jpg,images-Featured-Items-product__LR52543Y4JBT-2.jpg,100275
assets/images/0613-images-Featured-Items-product__LR52543Y4JBT-3-3cc2067634.jpg,images-Featured-Items-product__LR52543Y4JBT-3.jpg,120120
assets/images/0614-images-Featured-Items-product__LR52547Y45JJ-5-a086be5526.jpg,images-Featured-Items-product__LR52547Y45JJ-5.jpg,159249
assets/images/0615-images-Featured-Items-product__LR53010ELY8JJJ-2-8e9b48c3f6.jpg,images-Featured-Items-product__LR53010ELY8JJJ-2.jpg,104696
assets/images/0616-images-Featured-Items-product__LR52543Y4JBT-1-a2835ee454.jpg,images-Featured-Items-product__LR52543Y4JBT-1.jpg,97469
assets/images/0617-images-Featured-Items-product__LR53010ELY8JJJ-3-2ae176e7ea.jpg,images-Featured-Items-product__LR53010ELY8JJJ-3.jpg,153023
assets/images/0619-images-Featured-Items-product__LR51052Y45JJ-3-6bf4a132af.jpg,images-Featured-Items-product__LR51052Y45JJ-3.jpg,79907
assets/images/0620-images-Featured-Items-product__LR51052Y45JJ-2-61c984fc90.jpg,images-Featured-Items-product__LR51052Y45JJ-2.jpg,78446
assets/images/0621-images-Featured-Items-product__LR51052Y45JJ-5-00cd6eaefa.jpg,images-Featured-Items-product__LR51052Y45JJ-5.jpg,159697
assets/images/0622-images-Featured-Items-product__LR51052Y45JJ-4-d7f8bf02c6.jpg,images-Featured-Items-product__LR51052Y45JJ-4.jpg,81483
assets/images/0623-b-w__3-copy-46a14a4cf2.jpg,b-w__3-copy.jpg,144839
assets/images/0624-b-w__2-copy-13807e52d4.jpg,b-w__2-copy.jpg,80636
assets/images/0625-b-w__4-copy-f035713fb8.jpg,b-w__4-copy.jpg,165160
assets/images/0626-b-w__1-copy-143c06353b.jpg,b-w__1-copy.jpg,81735
assets/images/0627-images-google-drive-images-Links__WEB_ALT_SC22007644_SC22003982-203c232aba.jpg,images-google-drive-images-Links__WEB_ALT_SC22007644_SC22003982.JPG,256621
assets/images/0637-images-google-drive-images-Links__WEB_ALT_SC55019564_SC55001148_SC55011457-b878b3bcea.jpg,images-google-drive-images-Links__WEB_ALT_SC55019564_SC55001148_SC55011457.JPG,214884
assets/images/0641-images-google-drive-images-Links__WEB_ALT_SC22007004-82e90421f6.jpg,images-google-drive-images-Links__WEB_ALT_SC22007004.JPG,162124
assets/images/0642-images-google-drive-images-Links__WEB_ALT_SC55022551-A_SC55012103-2cc30d7383.jpg,images-google-drive-images-Links__WEB_ALT_SC55022551-A_SC55012103.JPG,257193
assets/images/0643-images-google-drive-images-Links__WEB_ALT_SC55004609_SC55001148-e970a4c0b4.jpg,images-google-drive-images-Links__WEB_ALT_SC55004609_SC55001148.JPG,264017
assets/images/0644-images-google-drive-images-Links__WEB_ALT_SC55024409-a71dbb2d48.jpg,images-google-drive-images-Links__WEB_ALT_SC55024409.JPG,170560
assets/images/0645-images-Shy-Images__SC55010251V2_SIDE-cc45cac8f9.jpg,images-Shy-Images__SC55010251V2_SIDE.JPG,51550
assets/images/0646-images-Shy-Images__SC55026472_325ca807-7279-4984-aab8-82a77ecf63d8_1800x1800-d319254ce6.jpg,images-Shy-Images__SC55026472_325ca807-7279-4984-aab8-82a77ecf63d8_1800x1800.webp,67647
assets/images/0647-images-pics__image0-27fa129b2a.jpg,images-pics__image0.jpeg,155771
assets/images/0648-images-pics__E129401-f018f0b501.jpg,images-pics__E129401.jpeg,140384
assets/images/0649-images-pics__FullSizeRender_9-85ef1e3b2a.jpg,images-pics__FullSizeRender_9.jpg,242433
assets/images/0650-images-pics__kp9-698c684859.jpg,images-pics__kp9.jpeg,158425
assets/images/0651-images-pics__kp10-26d7226a38.jpg,images-pics__kp10.jpeg,203229
assets/images/0652-images-pics__kp11-f986c32435.jpg,images-pics__kp11.jpeg,196762
assets/images/0653-images-pics__E129403-83ef6a320a.jpg,images-pics__E129403.jpeg,154880
assets/images/0654-images-pics__FullSizeRender_4-0c0114b380.jpg,images-pics__FullSizeRender_4.jpg,249816
assets/images/0655-images-pics__FullSizeRender_1-ecacf4b276.jpg,images-pics__FullSizeRender_1.jpg,199407
assets/images/0656-images-pics__E129402-11bd579f1a.jpg,images-pics__E129402.jpeg,158758
assets/images/0657-images-selected__DSC_0403-Alefiya-Johar-c964b1c108.jpg,images-selected__DSC_0403-Alefiya-Johar.jpeg,42821
assets/images/0658-images-selected__DSC_0623-2bb72efcf0.jpg,images-selected__DSC_0623.JPG,61930
assets/images/0659-images-selected__DSC_0618-a3745ab7f3.jpg,images-selected__DSC_0618.JPG,127157
assets/images/0660-images-selected__DSC_0518-Alefiya-Johar-e965c31229.jpg,images-selected__DSC_0518-Alefiya-Johar.jpeg,59272
assets/images/0661-images-selected__DSC_0406-Alefiya-Johar-80d4639448.jpg,images-selected__DSC_0406-Alefiya-Johar.jpeg,50635
assets/images/0662-images-selected__DSC_0573-Alefiya-Johar-f94f810708.jpg,images-selected__DSC_0573-Alefiya-Johar.jpeg,88255
assets/images/0663-images-selected__DSC_0409-Alefiya-Johar-a03a852787.jpg,images-selected__DSC_0409-Alefiya-Johar.jpeg,47651
assets/images/0664-images-selected__DSC_0417-Alefiya-Johar-98591e4d3c.jpg,images-selected__DSC_0417-Alefiya-Johar.jpeg,45390
assets/images/0665-images-selected__DSC_0613-cf0c30ee7e.jpg,images-selected__DSC_0613.JPG,90193
assets/images/0666-images-Links__WEB_ALT_SC55027244-b29ed5efc8.jpg,images-Links__WEB_ALT_SC55027244.JPG,143961
assets/images/0667-images-Links__WEB-ALT_COR22008248_COR22008249_COR22008251_COR22008253COR22008255__COR2-caddf4bb01.jpg,images-Links__WEB-ALT_COR22008248_COR22008249_COR22008251_COR22008253COR22008255__COR22008256_COR22008257_COR22008259_COR22008262_COR22008264.JPG,166992
assets/images/0668-images-Links__WEB_ALT_SC55025793_SC55025561-f19ba7d469.jpg,images-Links__WEB_ALT_SC55025793_SC55025561.JPG,215935
assets/images/0669-images-Links__WEB_ALT_SC55029140-17baf85479.jpg,images-Links__WEB_ALT_SC55029140.JPG,200768
assets/images/0670-images-Links__WEB_ALT_SC55028226_SC22010214RD-819eca797c.jpg,images-Links__WEB_ALT_SC55028226_SC22010214RD.JPG,233137
assets/images/0671-images-Links__WEB_ALT_SC55024104-fe81082f94.jpg,images-Links__WEB_ALT_SC55024104.JPG,348518
assets/images/0672-images-Links__WEB_ALT_SC55027196_SC55027090-ef8414c64c.jpg,images-Links__WEB_ALT_SC55027196_SC55027090.JPG,94874
assets/images/0673-images-Links__SC55025793_B-492a086d70.jpg,images-Links__SC55025793_B.JPG,26317
assets/images/0674-images-Links__SC55025793_C-40c1f4edde.jpg,images-Links__SC55025793_C.JPG,30235
assets/images/0675-images-Links__WEB_ALT_SC55005348-S_WEB_ALT_SC55007904-S_02-d18fe60f50.jpg,images-Links__WEB_ALT_SC55005348-S_WEB_ALT_SC55007904-S_02.JPG,163353
assets/images/0676-images-Links__SC55004313_C-3812c39aa9.jpg,images-Links__SC55004313_C.JPG,28556
assets/images/0677-images-Links__WEB_ALT_SC55007904-S_EXTRA-6796b8ff03.jpg,images-Links__WEB_ALT_SC55007904-S_EXTRA.JPG,182322
assets/images/0678-images-Links__WEB_ALT_SC55024506_SC55024485_SC55024022_02-0f030cce44.jpg,images-Links__WEB_ALT_SC55024506_SC55024485_SC55024022_02.JPG,229395
assets/images/0679-images-Links__WEB_ALT_SC55028226_SC55028229_SC55028056-16748de93b.jpg,images-Links__WEB_ALT_SC55028226_SC55028229_SC55028056.JPG,230344
assets/images/0680-images-Links__SC55004313_B-5695c7a9ee.jpg,images-Links__SC55004313_B.JPG,22377
assets/images/0681-images-Links__WEB-ALT_COR22008248_COR22008249_COR22008251_COR22008253_COR22008255_COR2-b9202ea7bc.jpg,images-Links__WEB-ALT_COR22008248_COR22008249_COR22008251_COR22008253_COR22008255_COR22008256_COR22008257_COR22008259_COR22008262_COR22008264.JPG,172818
assets/images/0682-images-Links__WEB_ALT_SC55027241_SC55027200-0260d29ae8.jpg,images-Links__WEB_ALT_SC55027241_SC55027200.JPG,110121
assets/images/0683-images-Links__WEB_ALT_SC55007904-S-234e3b8460.jpg,images-Links__WEB_ALT_SC55007904-S.JPG,169216
assets/images/0684-images-Links__WEB_ALT_SC55024400_SC55024418-71f2a28ffd.jpg,images-Links__WEB_ALT_SC55024400_SC55024418.JPG,412022
assets/images/0685-images-Links__WEB_ALT_SC55006309-55404980b2.jpg,images-Links__WEB_ALT_SC55006309.JPG,295815
assets/images/0686-images-agency-photos__DSC_0460-Alefiya-Johar-d89695c243.jpg,images-agency-photos__DSC_0460-Alefiya-Johar.jpeg,62208
assets/images/0689-images-agency-photos__DSC_0536-Alefiya-Johar-9771e9a4e3.jpg,images-agency-photos__DSC_0536-Alefiya-Johar.jpeg,48094
assets/images/0691-images-agency-photos__DSC_0413-Alefiya-Johar-611c227f55.jpg,images-agency-photos__DSC_0413-Alefiya-Johar.jpeg,44139
assets/images/0693-images-agency-photos__DSC_0545-Alefiya-Johar-95e9a54768.jpg,images-agency-photos__DSC_0545-Alefiya-Johar.jpeg,46921
assets/images/0695-images-agency-photos__DSC_0548-Alefiya-Johar-f1e7c8242d.jpg,images-agency-photos__DSC_0548-Alefiya-Johar.jpeg,43740
assets/images/0696-images-agency-photos__DSC_0575-Alefiya-Johar-8605cb1bbb.jpg,images-agency-photos__DSC_0575-Alefiya-Johar.jpeg,40484
assets/images/0697-images-agency-photos__DSC_0578-Alefiya-Johar-b2304c481d.jpg,images-agency-photos__DSC_0578-Alefiya-Johar.jpeg,101159
assets/images/0698-images-agency-photos__DSC_0440-Alefiya-Johar-5ae695cb27.jpg,images-agency-photos__DSC_0440-Alefiya-Johar.jpeg,56290
assets/images/0699-images-agency-photos__DSC_0423-Alefiya-Johar-4200c2276b.jpg,images-agency-photos__DSC_0423-Alefiya-Johar.jpeg,107229
assets/images/0700-images-agency-photos__DSC_0637-Alefiya-Johar-dc6e545eb7.jpg,images-agency-photos__DSC_0637-Alefiya-Johar.jpeg,57780
assets/images/0702-images-agency-photos__DSC_0568-Alefiya-Johar-1d11bf0e94.jpg,images-agency-photos__DSC_0568-Alefiya-Johar.jpeg,56968
assets/images/0703-images-agency-photos__DSC_0565-Alefiya-Johar-2e923c4ae5.jpg,images-agency-photos__DSC_0565-Alefiya-Johar.jpeg,48928
assets/images/0704-images-agency-photos__DSC_0506-Alefiya-Johar-be9930e1bb.jpg,images-agency-photos__DSC_0506-Alefiya-Johar.jpeg,36523
assets/images/0705-images-agency-photos__DSC_0644-Alefiya-Johar-96761c0ad9.jpg,images-agency-photos__DSC_0644-Alefiya-Johar.jpeg,206974
assets/images/0707-images-agency-photos__DSC_0433-Alefiya-Johar-a187d77e3d.jpg,images-agency-photos__DSC_0433-Alefiya-Johar.jpeg,59025
assets/images/0708-images-agency-photos__DSC_0450-Alefiya-Johar-f062473ef5.jpg,images-agency-photos__DSC_0450-Alefiya-Johar.jpeg,56713
assets/images/0709-images-agency-photos__DSC_0566-Alefiya-Johar-e84f5db3c1.jpg,images-agency-photos__DSC_0566-Alefiya-Johar.jpeg,58231
assets/images/0710-images-agency-photos__DSC_0505-Alefiya-Johar-db4657f9cb.jpg,images-agency-photos__DSC_0505-Alefiya-Johar.jpeg,60694
assets/images/0711-images-agency-photos__DSC_0508-Alefiya-Johar-3240a5c49c.jpg,images-agency-photos__DSC_0508-Alefiya-Johar.jpeg,45346
assets/images/0712-images-agency-photos__DSC_0498-Alefiya-Johar-b877d1e063.jpg,images-agency-photos__DSC_0498-Alefiya-Johar.jpeg,50359
assets/images/0713-images-agency-photos__DSC_0430-Alefiya-Johar-6907430cb6.jpg,images-agency-photos__DSC_0430-Alefiya-Johar.jpeg,49864
assets/images/0714-images-agency-photos__DSC_0453-Alefiya-Johar-fc72b1e477.jpg,images-agency-photos__DSC_0453-Alefiya-Johar.jpeg,54650
assets/images/0716-images-agency-photos__DSC_0647-Alefiya-Johar-361f865174.jpg,images-agency-photos__DSC_0647-Alefiya-Johar.jpeg,177621
assets/images/0718-images-agency-photos__DSC_0515-Alefiya-Johar-9a26306029.jpg,images-agency-photos__DSC_0515-Alefiya-Johar.jpeg,64139
assets/images/0719-images-agency-photos__DSC_0576-Alefiya-Johar-dd73d31eed.jpg,images-agency-photos__DSC_0576-Alefiya-Johar.jpeg,49057
assets/images/0722-images-agency-photos__DSC_0443-Alefiya-Johar-1242142958.jpg,images-agency-photos__DSC_0443-Alefiya-Johar.jpeg,55272
assets/images/0723-images-agency-photos__DSC_0639-Alefiya-Johar-2aa116bf62.jpg,images-agency-photos__DSC_0639-Alefiya-Johar.jpeg,59550
assets/images/0724-images-agency-photos__DSC_0420-Alefiya-Johar-cf5dbae6ef.jpg,images-agency-photos__DSC_0420-Alefiya-Johar.jpeg,45663
assets/images/0726-images-agency-photos__DSC_0410-Alefiya-Johar-7bca120a9b.jpg,images-agency-photos__DSC_0410-Alefiya-Johar.jpeg,47350
assets/images/0728-images-agency-photos__DSC_0528-Alefiya-Johar-c994c8caa7.jpg,images-agency-photos__DSC_0528-Alefiya-Johar.jpeg,45331
assets/images/0729-images-agency-photos__DSC_0546-Alefiya-Johar-28d88e71cc.jpg,images-agency-photos__DSC_0546-Alefiya-Johar.jpeg,48507
assets/images/0731-images-agency-photos__DSC_0463-Alefiya-Johar-97b9f948d2.jpg,images-agency-photos__DSC_0463-Alefiya-Johar.jpeg,53691
assets/images/0732-images-agency-photos__DSC_0535-Alefiya-Johar-062713b739.jpg,images-agency-photos__DSC_0535-Alefiya-Johar.jpeg,54405
assets/images/0734-images-agency-photos__DSC_0538-Alefiya-Johar-ab51a03043.jpg,images-agency-photos__DSC_0538-Alefiya-Johar.jpeg,46630
assets/images/0736-images-agency-photos__DSC_0540-Alefiya-Johar-3a0b88a65f.jpg,images-agency-photos__DSC_0540-Alefiya-Johar.jpeg,48348
assets/images/0739-images-agency-photos__DSC_0416-Alefiya-Johar-854f63f0c7.jpg,images-agency-photos__DSC_0416-Alefiya-Johar.jpeg,41533
assets/images/0740-images-agency-photos__DSC_0550-Alefiya-Johar-693ff4f6cb.jpg,images-agency-photos__DSC_0550-Alefiya-Johar.jpeg,58861
assets/images/0741-images-agency-photos__DSC_0533-Alefiya-Johar-8a78049c7a.jpg,images-agency-photos__DSC_0533-Alefiya-Johar.jpeg,45550
assets/images/0745-images-agency-photos__DSC_0455-Alefiya-Johar-f6446e879b.jpg,images-agency-photos__DSC_0455-Alefiya-Johar.jpeg,57762
assets/images/0746-images-agency-photos__DSC_0436-Alefiya-Johar-cffbf66f5d.jpg,images-agency-photos__DSC_0436-Alefiya-Johar.jpeg,49543
assets/images/0747-images-agency-photos__DSC_0458-Alefiya-Johar-9f1f674dd0.jpg,images-agency-photos__DSC_0458-Alefiya-Johar.jpeg,38956
assets/images/0750-images-agency-photos__DSC_0503-Alefiya-Johar-9a6d5f9bb2.jpg,images-agency-photos__DSC_0503-Alefiya-Johar.jpeg,53420
assets/images/0751-images-agency-photos__DSC_0560-Alefiya-Johar-c84b329584.jpg,images-agency-photos__DSC_0560-Alefiya-Johar.jpeg,38604
assets/images/0753-images-agency-photos__DSC_0448-Alefiya-Johar-94373c96bb.jpg,images-agency-photos__DSC_0448-Alefiya-Johar.jpeg,55595
assets/images/0754-images-agency-photos__DSC_0632-Alefiya-Johar-855ff88f22.jpg,images-agency-photos__DSC_0632-Alefiya-Johar.jpeg,66744
assets/images/0755-images-agency-photos__DSC_0426-Alefiya-Johar-0bfbd1926b.jpg,images-agency-photos__DSC_0426-Alefiya-Johar.jpeg,100638
assets/images/0756-images-agency-photos__DSC_0445-Alefiya-Johar-9db7a5b5ea.jpg,images-agency-photos__DSC_0445-Alefiya-Johar.jpeg,48586
assets/images/0757-images-agency-photos__DSC_0570-Alefiya-Johar-6e305fb643.jpg,images-agency-photos__DSC_0570-Alefiya-Johar.jpeg,46487
assets/images/0758-images-agency-photos__DSC_0644-Alefiya-Johar1-3b4a0e51a0.jpg,images-agency-photos__DSC_0644-Alefiya-Johar1.jpg,114782
assets/images/0759-images-agency-photos__DSC_0513-Alefiya-Johar-f0e6c55353.jpg,images-agency-photos__DSC_0513-Alefiya-Johar.jpeg,59652
assets/images/0760-images-agency-photos__DSC_0425-Alefiya-Johar-3d5e932295.jpg,images-agency-photos__DSC_0425-Alefiya-Johar.jpeg,103374
assets/images/0761-images-agency-photos__DSC_0446-Alefiya-Johar-c53d2e7130.jpg,images-agency-photos__DSC_0446-Alefiya-Johar.jpeg,55785
assets/images/0763-images-agency-photos__DSC_0428-Alefiya-Johar-7217993b3d.jpg,images-agency-photos__DSC_0428-Alefiya-Johar.jpeg,114591
assets/images/0766-images-agency-photos__DSC_0438-Alefiya-Johar-0650ad46b1.jpg,images-agency-photos__DSC_0438-Alefiya-Johar.jpeg,61565
assets/images/0768-images-agency-photos__DSC_0642-Alefiya-Johar-6e494a8bec.jpg,images-agency-photos__DSC_0642-Alefiya-Johar.jpeg,154319
assets/images/0769-images-agency-photos__DSC_0456-Alefiya-Johar-060d3815fa.jpg,images-agency-photos__DSC_0456-Alefiya-Johar.jpeg,64197
assets/images/0770-images-agency-photos__DSC_0435-Alefiya-Johar-2fd7ad55e6.jpg,images-agency-photos__DSC_0435-Alefiya-Johar.jpeg,33566
assets/images/0771-images-agency-photos__DSC_0500-Alefiya-Johar-a294e51ace.jpg,images-agency-photos__DSC_0500-Alefiya-Johar.jpeg,51724
assets/images/0775-images-agency-photos__DSC_0408-Alefiya-Johar-7dbb849f73.jpg,images-agency-photos__DSC_0408-Alefiya-Johar.jpeg,58736
assets/images/0776-images-agency-photos__DSC_0405-Alefiya-Johar-8c749652c4.jpg,images-agency-photos__DSC_0405-Alefiya-Johar.jpeg,45112
assets/images/0778-images-agency-photos__DSC_0520-Alefiya-Johar-efbf72cfa0.jpg,images-agency-photos__DSC_0520-Alefiya-Johar.jpeg,52257
assets/images/0779-images-agency-photos__DSC_0543-Alefiya-Johar-6aa91ce304.jpg,images-agency-photos__DSC_0543-Alefiya-Johar.jpeg,46666
assets/images/0781-images-agency-photos__DSC_0415-Alefiya-Johar-7a0673c2e9.jpg,images-agency-photos__DSC_0415-Alefiya-Johar.jpeg,48916
assets/images/0782-images-agency-photos__DSC_0418-Alefiya-Johar-009f2a6a75.jpg,images-agency-photos__DSC_0418-Alefiya-Johar.jpeg,44891
assets/images/0784-images-agency-photos__DSC_0439-Alefiya-Johar-91e82f7a94.jpg,images-agency-photos__DSC_0439-Alefiya-Johar.jpeg,60132
assets/images/0786-images-agency-photos__DSC_0434-Alefiya-Johar-bc9dfb183a.jpg,images-agency-photos__DSC_0434-Alefiya-Johar.jpeg,47271
assets/images/0787-images-agency-photos__DSC_0457-Alefiya-Johar-1af5fc32fd.jpg,images-agency-photos__DSC_0457-Alefiya-Johar.jpeg,58156
assets/images/0789-images-agency-photos__DSC_0501-Alefiya-Johar-4672fb0741.jpg,images-agency-photos__DSC_0501-Alefiya-Johar.jpeg,53180
assets/images/0790-images-agency-photos__DSC_0447-Alefiya-Johar-2846ba46d1.jpg,images-agency-photos__DSC_0447-Alefiya-Johar.jpeg,62619
assets/images/0791-images-agency-photos__DSC_0424-Alefiya-Johar-1958dceb49.jpg,images-agency-photos__DSC_0424-Alefiya-Johar.jpeg,99834
assets/images/0793-images-agency-photos__DSC_0429-Alefiya-Johar-6c37f7eadc.jpg,images-agency-photos__DSC_0429-Alefiya-Johar.jpeg,50946
assets/images/0795-images-agency-photos__DSC_0572-Alefiya-Johar-15b9fb2796.jpg,images-agency-photos__DSC_0572-Alefiya-Johar.jpeg,72019
assets/images/0796-images-agency-photos__DSC_0542-Alefiya-Johar-bef8d48681.jpg,images-agency-photos__DSC_0542-Alefiya-Johar.jpeg,49308
assets/images/0798-images-agency-photos__DSC_0414-Alefiya-Johar-d7aa5c6977.jpg,images-agency-photos__DSC_0414-Alefiya-Johar.jpeg,43234
assets/images/0800-images-agency-photos__DSC_0419-Alefiya-Johar-c08bf94de7.jpg,images-agency-photos__DSC_0419-Alefiya-Johar.jpeg,51937
assets/images/0805-images-agency-photos__DSC_0404-Alefiya-Johar-49cba31d3c.jpg,images-agency-photos__DSC_0404-Alefiya-Johar.jpeg,41937
assets/images/0807-images-agency-photos__DSC_0551-Alefiya-Johar-54c83c2fa4.jpg,images-agency-photos__DSC_0551-Alefiya-Johar.jpeg,50978
assets/images/0809-images-agency-photos__DSC_0407-Alefiya-Johar-ed60a893cc.jpg,images-agency-photos__DSC_0407-Alefiya-Johar.jpeg,55273
assets/images/0811-images-agency-photos__DSC_0541-Alefiya-Johar-e8a613f71b.jpg,images-agency-photos__DSC_0541-Alefiya-Johar.jpeg,59350
assets/images/0816-images-agency-photos__DSC_0633-Alefiya-Johar-60df4345eb.jpg,images-agency-photos__DSC_0633-Alefiya-Johar.jpeg,61033
assets/images/0817-images-agency-photos__DSC_0449-Alefiya-Johar-42e412dd52.jpg,images-agency-photos__DSC_0449-Alefiya-Johar.jpeg,46504
assets/images/0819-images-agency-photos__DSC_0444-Alefiya-Johar-0c5a75b888.jpg,images-agency-photos__DSC_0444-Alefiya-Johar.jpeg,57549
assets/images/0820-images-agency-photos__DSC_0427-Alefiya-Johar-45b9063744.jpg,images-agency-photos__DSC_0427-Alefiya-Johar.jpeg,109142
assets/images/0821-images-agency-photos__DSC_0512-Alefiya-Johar-bb8bf407a3.jpg,images-agency-photos__DSC_0512-Alefiya-Johar.jpeg,60771
assets/images/0822-images-agency-photos__DSC_0571-Alefiya-Johar-e9294a8041.jpg,images-agency-photos__DSC_0571-Alefiya-Johar.jpeg,122902
assets/images/0823-images-agency-photos__DSC_0437-Alefiya-Johar-0a5f73d669.jpg,images-agency-photos__DSC_0437-Alefiya-Johar.jpeg,46473
assets/images/0824-images-agency-photos__DSC_0454-Alefiya-Johar-ebdd92cd61.jpg,images-agency-photos__DSC_0454-Alefiya-Johar.jpeg,54182
assets/images/0827-images-agency-photos__DSC_0459-Alefiya-Johar-c926a4fbd0.jpg,images-agency-photos__DSC_0459-Alefiya-Johar.jpeg,52150
assets/images/0828-images-agency-photos__DSC_0561-Alefiya-Johar-7eb11c9d6c.jpg,images-agency-photos__DSC_0561-Alefiya-Johar.jpeg,38948
assets/images/0829-images-agency-photos__DSC_0502-Alefiya-Johar-7753ff283b.jpg,images-agency-photos__DSC_0502-Alefiya-Johar.jpeg,49648
assets/images/0830-images-agency-photos__DSC_0519-Alefiya-Johar-9193e7637f.jpg,images-agency-photos__DSC_0519-Alefiya-Johar.jpeg,60341
assets/images/0831-images-agency-photos__DSC_0577-Alefiya-Johar-112ac79fec.jpg,images-agency-photos__DSC_0577-Alefiya-Johar.jpeg,34097
assets/images/0832-images-agency-photos__DSC_0514-Alefiya-Johar-e5c1766627.jpg,images-agency-photos__DSC_0514-Alefiya-Johar.jpeg,57711
assets/images/0835-images-agency-photos__DSC_0421-Alefiya-Johar-03475e27fc.jpg,images-agency-photos__DSC_0421-Alefiya-Johar.jpeg,46490
assets/images/0837-images-agency-photos__DSC_0638-Alefiya-Johar-e78deeefa9.jpg,images-agency-photos__DSC_0638-Alefiya-Johar.jpeg,66126
assets/images/0838-images-agency-photos__DSC_0442-Alefiya-Johar-7d52583b24.jpg,images-agency-photos__DSC_0442-Alefiya-Johar.jpeg,53779
assets/images/0839-images-agency-photos__DSC_0504-Alefiya-Johar-e17ec37e01.jpg,images-agency-photos__DSC_0504-Alefiya-Johar.jpeg,54672
assets/images/0840-images-agency-photos__DSC_0567-Alefiya-Johar-f7d932b538.jpg,images-agency-photos__DSC_0567-Alefiya-Johar.jpeg,58374
assets/images/0842-images-agency-photos__DSC_0452-Alefiya-Johar-1db20b1860.jpg,images-agency-photos__DSC_0452-Alefiya-Johar.jpeg,54570
assets/images/0843-images-agency-photos__DSC_0499-Alefiya-Johar-ce314845fb.jpg,images-agency-photos__DSC_0499-Alefiya-Johar.jpeg,38588
assets/images/0844-images-agency-photos__DSC_0431-Alefiya-Johar-40b2e86ea9.jpg,images-agency-photos__DSC_0431-Alefiya-Johar.jpeg,45942
assets/images/0845-images-agency-photos__DSC_0646-Alefiya-Johar-e0e4a58c0a.jpg,images-agency-photos__DSC_0646-Alefiya-Johar.jpeg,195416
assets/images/0847-images-agency-photos__DSC_0401-Alefiya-Johar-72c09ec601.jpg,images-agency-photos__DSC_0401-Alefiya-Johar.jpeg,26881
assets/images/0848-images-agency-photos__DSC_0462-Alefiya-Johar-4a4e053aa7.jpg,images-agency-photos__DSC_0462-Alefiya-Johar.jpeg,67261
assets/images/0850-images-agency-photos__DSC_0534-Alefiya-Johar-b3ddfa32fe.jpg,images-agency-photos__DSC_0534-Alefiya-Johar.jpeg,59619
assets/images/0851-images-agency-photos__DSC_0539-Alefiya-Johar-b2449d4413.jpg,images-agency-photos__DSC_0539-Alefiya-Johar.jpeg,50007
assets/images/0853-images-agency-photos__DSC_0411-Alefiya-Johar-5134bda9f2.jpg,images-agency-photos__DSC_0411-Alefiya-Johar.jpeg,46323
assets/images/0856-images-agency-photos__DSC_0547-Alefiya-Johar-436c1b8635.jpg,images-agency-photos__DSC_0547-Alefiya-Johar.jpeg,38507
assets/images/0858-images-agency-photos__DSC_0412-Alefiya-Johar-55beeb6511.jpg,images-agency-photos__DSC_0412-Alefiya-Johar.jpeg,42629
assets/images/0860-images-agency-photos__DSC_0544-Alefiya-Johar-2d8daa0ed9.jpg,images-agency-photos__DSC_0544-Alefiya-Johar.jpeg,37981
assets/images/0861-images-agency-photos__DSC_0549-Alefiya-Johar-8dcac5a039.jpg,images-agency-photos__DSC_0549-Alefiya-Johar.jpeg,40331
assets/images/0862-images-agency-photos__DSC_0402-Alefiya-Johar-026a775dd1.jpg,images-agency-photos__DSC_0402-Alefiya-Johar.jpeg,40172
assets/images/0863-images-agency-photos__DSC_0461-Alefiya-Johar-c776d70bc8.jpg,images-agency-photos__DSC_0461-Alefiya-Johar.jpeg,56203
assets/images/0864-images-agency-photos__DSC_0559-Alefiya-Johar-dba661ac05.jpg,images-agency-photos__DSC_0559-Alefiya-Johar.jpeg,44814
assets/images/0866-images-agency-photos__DSC_0537-Alefiya-Johar-c7910f7480.jpg,images-agency-photos__DSC_0537-Alefiya-Johar.jpeg,45292
assets/images/0867-images-agency-photos__DSC_0569-Alefiya-Johar-0ef46ef460.jpg,images-agency-photos__DSC_0569-Alefiya-Johar.jpeg,64861
assets/images/0868-images-agency-photos__DSC_0507-Alefiya-Johar-8836e4b3ed.jpg,images-agency-photos__DSC_0507-Alefiya-Johar.jpeg,48320
assets/images/0870-images-agency-photos__DSC_0497-Alefiya-Johar-6e942dd28d.jpg,images-agency-photos__DSC_0497-Alefiya-Johar.jpeg,48780
assets/images/0871-images-agency-photos__DSC_0645-Alefiya-Johar-a556048ffc.jpg,images-agency-photos__DSC_0645-Alefiya-Johar.jpeg,171484
assets/images/0872-images-agency-photos__DSC_0451-Alefiya-Johar-2073888abf.jpg,images-agency-photos__DSC_0451-Alefiya-Johar.jpeg,55596
assets/images/0873-images-agency-photos__DSC_0432-Alefiya-Johar-9e98215917.jpg,images-agency-photos__DSC_0432-Alefiya-Johar.jpeg,50606
assets/images/0874-images-agency-photos__DSC_0574-Alefiya-Johar-2e1fbc4070.jpg,images-agency-photos__DSC_0574-Alefiya-Johar.jpeg,122048
assets/images/0875-images-agency-photos__DSC_0517-Alefiya-Johar-698aaa8a26.jpg,images-agency-photos__DSC_0517-Alefiya-Johar.jpeg,46974
assets/images/0876-images-agency-photos__DSC_0579-Alefiya-Johar-3cbc9cfc61.jpg,images-agency-photos__DSC_0579-Alefiya-Johar.jpeg,71328
assets/images/0877-images-agency-photos__DSC_0422-Alefiya-Johar-147b5467d8.jpg,images-agency-photos__DSC_0422-Alefiya-Johar.jpeg,58454
assets/images/0878-images-agency-photos__DSC_0441-Alefiya-Johar-70afcbc982.jpg,images-agency-photos__DSC_0441-Alefiya-Johar.jpeg,59169
assets/images/0881-images-combo-source__Screenshot-2026-04-09-at-12.30.12-PM-1-34e95b25e3.jpg,images-combo-source__Screenshot-2026-04-09-at-12.30.12-PM-1.png,64115
assets/images/0882-images-combo-source__Screenshot-2026-04-09-at-12.31.00-PM-1-4764a5bbdb.jpg,images-combo-source__Screenshot-2026-04-09-at-12.31.00-PM-1.png,80735
assets/images/0883-images-combo-source__Screenshot-2026-04-09-at-12.29.36-PM-1-69fa18db2e.jpg,images-combo-source__Screenshot-2026-04-09-at-12.29.36-PM-1.png,53062
assets/images/0884-images-combo-source__Screenshot-2026-04-09-at-12.25.33-PM-1-89e957156d.jpg,images-combo-source__Screenshot-2026-04-09-at-12.25.33-PM-1.png,42379
assets/images/0885-images-combo-source__Screenshot-2026-04-09-at-12.26.11-PM-1-3567693aaf.jpg,images-combo-source__Screenshot-2026-04-09-at-12.26.11-PM-1.png,127566
assets/images/0886-images-Featured-Items__DSC_0622-8a0c11c825.jpg,images-Featured-Items__DSC_0622.JPG,47442
assets/images/0887-images-Featured-Items__DSC_0636-4f7d8ff42f.jpg,images-Featured-Items__DSC_0636.JPG,45885
assets/images/0888-images-Featured-Items__DSC_0597-7d895227cf.jpg,images-Featured-Items__DSC_0597.JPG,65538
assets/images/0889-images-Featured-Items__DSC_0554-695cc4b49a.jpg,images-Featured-Items__DSC_0554.JPG,43024
assets/images/0890-images-Featured-Items__DSC_0555-7e38aac9e8.jpg,images-Featured-Items__DSC_0555.JPG,43388
assets/images/0891-images-Featured-Items__DSC_0596-b4673d0b95.jpg,images-Featured-Items__DSC_0596.JPG,53552
assets/images/0893-images-Featured-Items__DSC_0635-4b67601ddb.jpg,images-Featured-Items__DSC_0635.JPG,57821
assets/images/0894-images-Featured-Items__DSC_0609-15a75210ea.jpg,images-Featured-Items__DSC_0609.JPG,95645
assets/images/0895-images-Featured-Items__DSC_0594-51a61ea5cf.jpg,images-Featured-Items__DSC_0594.JPG,63468
assets/images/0896-images-Featured-Items__DSC_0557-92ac69fb1c.jpg,images-Featured-Items__DSC_0557.JPG,54056
assets/images/0897-images-Featured-Items__DSC_0556-1cbde15f81.jpg,images-Featured-Items__DSC_0556.JPG,47746
assets/images/0898-images-Featured-Items__DSC_0595-8a334a2603.jpg,images-Featured-Items__DSC_0595.JPG,68819
assets/images/0899-images-Featured-Items__DSC_0634-83aa3e2d89.jpg,images-Featured-Items__DSC_0634.JPG,54693
assets/images/0901-images-Featured-Items__DSC_0630-c67262c340.jpg,images-Featured-Items__DSC_0630.JPG,64273
assets/images/0902-images-Featured-Items__DSC_0624-6cc200e681.jpg,images-Featured-Items__DSC_0624.JPG,73600
assets/images/0903-images-Featured-Items__SC55025787_B-b466a9f1bc.jpg,images-Featured-Items__SC55025787_B.JPG,26031
assets/images/0904-images-Featured-Items__DSC_0552-988305ce15.jpg,images-Featured-Items__DSC_0552.JPG,44586
assets/images/0905-images-Featured-Items__DSC_0553-3a92e99130.jpg,images-Featured-Items__DSC_0553.JPG,56761
assets/images/0906-images-Featured-Items__DSC_0625-e1077f3cba.jpg,images-Featured-Items__DSC_0625.JPG,73024
assets/images/0907-images-Featured-Items__DSC_0627-60a0bb230c.jpg,images-Featured-Items__DSC_0627.JPG,41225
assets/images/0908-images-Featured-Items__DSC_0592-e2dbeb5e70.jpg,images-Featured-Items__DSC_0592.JPG,51781
assets/images/0909-images-Featured-Items__DSC_0593-402fec9337.jpg,images-Featured-Items__DSC_0593.JPG,65095
assets/images/0910-images-Featured-Items__DSC_0626-6fcdac587f.jpg,images-Featured-Items__DSC_0626.JPG,65723
assets/images/0911-images-Featured-Items__DSC_0480-aa154b9a3a.jpg,images-Featured-Items__DSC_0480.JPG,53038
assets/images/0912-images-Featured-Items__DSC_0494-4cf12318c6.jpg,images-Featured-Items__DSC_0494.JPG,37670
assets/images/0913-images-Featured-Items__DSC_0641-58bc1f7914.jpg,images-Featured-Items__DSC_0641.JPG,69404
assets/images/0914-images-Featured-Items__DSC_0523-70a28db7df.jpg,images-Featured-Items__DSC_0523.JPG,57877
assets/images/0915-images-Featured-Items__DSC_0522-f4fe05992f.jpg,images-Featured-Items__DSC_0522.JPG,56430
assets/images/0916-images-Featured-Items__DSC_0640-0869500634.jpg,images-Featured-Items__DSC_0640.JPG,61627
assets/images/0917-images-Featured-Items__DSC_0495-cc65d3e106.jpg,images-Featured-Items__DSC_0495.JPG,43526
assets/images/0918-images-Featured-Items__DSC_0481-2a20ab106c.jpg,images-Featured-Items__DSC_0481.JPG,44924
assets/images/0919-images-Featured-Items__DSC_0483-e5bfae9f6e.jpg,images-Featured-Items__DSC_0483.JPG,45333
assets/images/0920-images-Featured-Items__DSC_0468-fafa0d3cb3.jpg,images-Featured-Items__DSC_0468.JPG,47039
assets/images/0921-images-Featured-Items__DSC_0509-fdeaf03f09.jpg,images-Featured-Items__DSC_0509.JPG,57251
assets/images/0922-images-Featured-Items__DSC_0521-4b3ef44509.jpg,images-Featured-Items__DSC_0521.JPG,53767
assets/images/0923-images-Featured-Items__DSC_0643-b716a7b741.jpg,images-Featured-Items__DSC_0643.JPG,218317
assets/images/0924-images-Featured-Items__DSC_0469-59aee1cb96.jpg,images-Featured-Items__DSC_0469.JPG,56412
assets/images/0925-images-Featured-Items__DSC_0482-49e68a7b2d.jpg,images-Featured-Items__DSC_0482.JPG,42896
assets/images/0926-images-Featured-Items__DSC_0496-1e211e38d3.jpg,images-Featured-Items__DSC_0496.JPG,45690
assets/images/0927-images-Featured-Items__DSC_0492-8645139cea.jpg,images-Featured-Items__DSC_0492.JPG,51393
assets/images/0928-images-Featured-Items__DSC_0486-25c0acfe97.jpg,images-Featured-Items__DSC_0486.JPG,50691
assets/images/0929-images-Featured-Items__DSC_0479-39d5151f09.jpg,images-Featured-Items__DSC_0479.JPG,56656
assets/images/0930-images-Featured-Items__DSC_0525-730e4d60fa.jpg,images-Featured-Items__DSC_0525.JPG,55282
assets/images/0931-images-Featured-Items__DSC_0531-0f8131b3db.jpg,images-Featured-Items__DSC_0531.JPG,46509
assets/images/0932-images-Featured-Items__DSC_0530-6c3191add5.jpg,images-Featured-Items__DSC_0530.JPG,42339
assets/images/0933-images-Featured-Items__DSC_0524-90fc3de724.jpg,images-Featured-Items__DSC_0524.JPG,57200
assets/images/0934-images-Featured-Items__DSC_0478-966c49b327.jpg,images-Featured-Items__DSC_0478.JPG,52413
assets/images/0935-images-Featured-Items__DSC_0487-44de93d5cb.jpg,images-Featured-Items__DSC_0487.JPG,44171
assets/images/0936-images-Featured-Items__DSC_0493-4ecfc0becf.jpg,images-Featured-Items__DSC_0493.JPG,50059
assets/images/0937-images-Featured-Items__DSC_0485-3871cc9256.jpg,images-Featured-Items__DSC_0485.JPG,48900
assets/images/0938-images-Featured-Items__DSC_0491-7913d0751b.jpg,images-Featured-Items__DSC_0491.JPG,39618
assets/images/0939-images-Featured-Items__DSC_0532-68d7f16d0e.jpg,images-Featured-Items__DSC_0532.JPG,42265
assets/images/0940-images-Featured-Items__DSC_0526-39299da914.jpg,images-Featured-Items__DSC_0526.JPG,59239
assets/images/0941-images-Featured-Items__DSC_0527-d98f8eb149.jpg,images-Featured-Items__DSC_0527.JPG,59125
assets/images/0942-images-Featured-Items__DSC_0490-a3e1bf840c.jpg,images-Featured-Items__DSC_0490.JPG,49065
assets/images/0943-images-Featured-Items__DSC_0484-851824a741.jpg,images-Featured-Items__DSC_0484.JPG,41570
assets/images/0944-images-Featured-Items__DSC_0489-5ba109af48.jpg,images-Featured-Items__DSC_0489.JPG,51523
assets/images/0945-images-Featured-Items__DSC_0476-3ebfbd8012.jpg,images-Featured-Items__DSC_0476.JPG,49638
assets/images/0946-images-Featured-Items__DSC_0477-7be1f3f52d.jpg,images-Featured-Items__DSC_0477.JPG,40954
assets/images/0947-images-Featured-Items__DSC_0488-58410b07b2.jpg,images-Featured-Items__DSC_0488.JPG,41893
assets/images/0948-images-Featured-Items__DSC_0475-ca71e094cc.jpg,images-Featured-Items__DSC_0475.JPG,41483
assets/images/0949-images-Featured-Items__DSC_0529-df21928020.jpg,images-Featured-Items__DSC_0529.JPG,47387
assets/images/0950-images-Featured-Items__DSC_0474-3086bc7d71.jpg,images-Featured-Items__DSC_0474.JPG,52149
assets/images/0951-images-Featured-Items__DSC_0470-6645209bb7.jpg,images-Featured-Items__DSC_0470.JPG,40922
assets/images/0952-images-Featured-Items__DSC_0464-554392a627.jpg,images-Featured-Items__DSC_0464.JPG,41015
assets/images/0953-images-Featured-Items__DSC_0510-b1857bd8d6.jpg,images-Featured-Items__DSC_0510.JPG,58001
assets/images/0954-images-Featured-Items__DSC_0511-7ed8dc5cb7.jpg,images-Featured-Items__DSC_0511.JPG,39223
assets/images/0955-images-Featured-Items__DSC_0465-3f7bfd4725.jpg,images-Featured-Items__DSC_0465.JPG,39471
assets/images/0956-images-Featured-Items__DSC_0471-79808a69d1.jpg,images-Featured-Items__DSC_0471.JPG,48854
assets/images/0957-images-Featured-Items__DSC_0467-60c992a220.jpg,images-Featured-Items__DSC_0467.JPG,38766
assets/images/0958-images-Featured-Items__DSC_0473-52f6fc7447.jpg,images-Featured-Items__DSC_0473.JPG,40818
assets/images/0959-images-Featured-Items__DSC_0472-002ba4c6a0.jpg,images-Featured-Items__DSC_0472.JPG,43713
assets/images/0960-images-Featured-Items__DSC_0466-fab833b52e.jpg,images-Featured-Items__DSC_0466.JPG,37041
assets/images/0961-images-Featured-Items__DSC_0603-eca9a475b2.jpg,images-Featured-Items__DSC_0603.JPG,63412
assets/images/0962-images-Featured-Items__DSC_0617-db9558af62.jpg,images-Featured-Items__DSC_0617.JPG,120943
assets/images/0963-images-Featured-Items__DSC_0616-de494ce6ae.jpg,images-Featured-Items__DSC_0616.JPG,130454
assets/images/0964-images-Featured-Items__DSC_0602-79f1fd4f89.jpg,images-Featured-Items__DSC_0602.JPG,92421
assets/images/0965-images-Featured-Items__DSC_0614-5134069b8b.jpg,images-Featured-Items__DSC_0614.JPG,89752
assets/images/0966-images-Featured-Items__DSC_0600-21ae32fe09.jpg,images-Featured-Items__DSC_0600.JPG,70941
assets/images/0967-images-Featured-Items__DSC_0628-8138bfb7ba.jpg,images-Featured-Items__DSC_0628.JPG,58582
assets/images/0968-images-Featured-Items__DSC_0562-8643507e57.jpg,images-Featured-Items__DSC_0562.JPG,48236
assets/images/0969-images-Featured-Items__DSC_0563-0d49ab9e67.jpg,images-Featured-Items__DSC_0563.JPG,47935
assets/images/0970-images-Featured-Items__DSC_0629-672bbd24da.jpg,images-Featured-Items__DSC_0629.JPG,63691
assets/images/0971-images-Featured-Items__DSC_0601-181681293c.jpg,images-Featured-Items__DSC_0601.JPG,60415
assets/images/0972-images-Featured-Items__DSC_0615-27ea543128.jpg,images-Featured-Items__DSC_0615.JPG,89566
assets/images/0973-images-Featured-Items__DSC_0611-e351da0fbf.jpg,images-Featured-Items__DSC_0611.JPG,58563
assets/images/0974-images-Featured-Items__DSC_0605-fad6fd0111.jpg,images-Featured-Items__DSC_0605.JPG,76413
assets/images/0975-images-Featured-Items__DSC_0598-58d3b72375.jpg,images-Featured-Items__DSC_0598.JPG,65709
assets/images/0976-images-Featured-Items__DSC_0599-21aab0d984.jpg,images-Featured-Items__DSC_0599.JPG,51169
assets/images/0977-images-Featured-Items__DSC_0604-e5d89667de.jpg,images-Featured-Items__DSC_0604.JPG,68486
assets/images/0978-images-Featured-Items__DSC_0610-e9ba32ae19.jpg,images-Featured-Items__DSC_0610.JPG,92027
assets/images/0979-images-Featured-Items__DSC_0606-b309c456ce.jpg,images-Featured-Items__DSC_0606.JPG,52778
assets/images/0980-images-Featured-Items__DSC_0612-9c9f6d5c89.jpg,images-Featured-Items__DSC_0612.JPG,115589
assets/images/0981-images-Featured-Items__DSC_0558-529edd683d.jpg,images-Featured-Items__DSC_0558.JPG,41950
assets/images/0982-images-Featured-Items__DSC_0564-dbc549b4c5.jpg,images-Featured-Items__DSC_0564.JPG,48439
assets/images/0984-images-Featured-Items__DSC_0607-f66a3ee749.jpg,images-Featured-Items__DSC_0607.JPG,58038
